Filter,Date,Description,Sub-description,Status,Type of Transaction,Amount
All available transactions,2025-01-03,MENYA KYU KITCHEN 26,River City 66 ON,Posted,Debit,103.18
,2025-01-05,JAMES STREET MARKET 04,River City 66 ON,Posted,Debit,5.45
,2025-01-06,UBER EATS DELIVERY 01,Metro City 55 ON,Posted,Debit,2.54
,2025-01-06,JAMES STREET MARKET 02,River City 66 ON,Posted,Debit,11.44
,2025-01-06,UBER EATS DELIVERY 01,Metro City 55 ON,Posted,Debit,52.97
,2025-01-07,UBER EATS DELIVERY 02,Metro City 79 ON,Posted,Debit,25.43
,2025-01-07,OPENAI SUBSCRIPTION 02,Crown City 26 ON,Posted,Debit,29.46
,2025-01-07,MENYA KYU KITCHEN 37,River City 66 ON,Posted,Debit,36.97
,2025-01-08,LCBO BOTTLE SHOP 01,River City 66 ON,Posted,Debit,2.64
,2025-01-08,LCBO BOTTLE SHOP 01,River City 66 ON,Posted,Debit,18.39
,2025-01-11,BIG SCOOPS DESSERT 09,River City 66 ON,Posted,Debit,14.21
,2025-01-11,MENYA KYU KITCHEN 14,River City 66 ON,Posted,Debit,39.67
,2025-01-12,JAMES STREET MARKET 04,Harbor City 88 ON,Posted,Debit,21.01
,2025-01-13,UBER EATS DELIVERY 01,Metro City 55 ON,Posted,Debit,56.95
,2025-01-13,SCOTIA CREDIT CARD PROTECT 03,,Posted,Debit,9.34
,2025-01-14,UBER EATS DELIVERY 01,Metro City 55 ON,Posted,Debit,3.76
,2025-01-14,AMAZON.CA MARKETPLACE 25,Harbor City 46 AB,Posted,Debit,10.53
,2025-01-14,UBER EATS DELIVERY 01,Metro City 55 ON,Posted,Debit,40.58
,2025-01-15,UBER EATS DELIVERY 01,Metro City 55 ON,Posted,Debit,11.90
,2025-01-15,UBER EATS DELIVERY 01,Metro City 55 ON,Posted,Debit,21.15
,2025-01-15,ROGERS WIRELESS 01,Cedar City 32 QC,Posted,Debit,96.82
,2025-01-16,GOOGLE ONE STORAGE 01,Cedar City 86 ON,Posted,Debit,2.96
,2025-01-16,MENYA KYU KITCHEN 17,River City 66 ON,Posted,Debit,35.31
,2025-01-17,UBER EATS DELIVERY 02,Metro City 79 ON,Posted,Debit,26.52
,2025-01-17,UBER EATS DELIVERY 01,Metro City 55 ON,Posted,Debit,28.16
,2025-01-18,TICKETMASTER EVENTS 03,Maple City 53 BC,Posted,Debit,1.06
,2025-01-18,LOCAL MERCHANT 01,River City 66 ON,Posted,Debit,18.20
,2025-01-19,PETRO-CANADA FUEL 01,River City 66 ON,Posted,Debit,22.10
,2025-01-19,MENYA KYU KITCHEN 34,River City 66 ON,Posted,Debit,30.53
,2025-01-20,MENYA KYU KITCHEN 28,River City 66 ON,Posted,Debit,83.53
,2025-01-20,SPOTIFY SUBSCRIPTION 02,River City 72 ON,Posted,Debit,13.17
,2025-01-20,UBER EATS DELIVERY 01,Metro City 55 ON,Posted,Debit,29.38
,2025-01-20,COMMUNAUTO SHARE 03,River City 66 ON,Posted,Debit,324.53
,2025-01-21,UBER EATS DELIVERY 01,Metro City 55 ON,Posted,Debit,38.04
,2025-01-22,PAYMENT FROM CHEQUING 01,,Posted,Credit,-1279.46
,2025-01-22,JAMES STREET MARKET 04,Harbor City 88 ON,Posted,Debit,10.90
,2025-01-22,UBER EATS DELIVERY 01,Metro City 55 ON,Posted,Debit,43.65
,2025-01-24,MENYA KYU KITCHEN 17,River City 66 ON,Posted,Debit,28.52
,2025-01-24,UBER EATS DELIVERY 01,Metro City 55 ON,Posted,Debit,26.64
,2025-01-24,TIM HORTONS CAFE 06,River City 66 ON,Posted,Debit,6.35
,2025-01-25,TIM HORTONS CAFE 06,River City 66 ON,Posted,Debit,3.68
,2025-01-25,JAMES STREET MARKET 04,Harbor City 88 ON,Posted,Debit,9.57
,2025-01-26,PETRO-CANADA FUEL 04,Metro City 55 ON,Posted,Debit,26.88
,2025-01-27,PETRO-CANADA FUEL 01,River City 66 ON,Posted,Debit,5.53
,2025-01-27,PETRO-CANADA FUEL 01,River City 66 ON,Posted,Debit,11.05
,2025-01-27,TIM HORTONS CAFE 09,Metro City 55 ON,Posted,Debit,6.15
,2025-01-27,UBER EATS DELIVERY 01,Metro City 55 ON,Posted,Debit,45.71
,2025-01-28,COMMUNAUTO SHARE 03,River City 66 ON,Posted,Debit,287.68
,2025-01-28,UBER EATS DELIVERY 01,Metro City 55 ON,Posted,Debit,51.15
,2025-01-28,JAMES STREET MARKET 02,River City 66 ON,Posted,Debit,5.72
,2025-01-28,AMAZON.CA MARKETPLACE 30,Maple City 95 DE,Posted,Debit,22.48
,2025-01-28,APPLE.COM/BILL GAMING 01,Metro City 43 ON,Posted,Debit,1.46
,2025-01-29,UBER EATS DELIVERY 01,Metro City 55 ON,Posted,Debit,45.70
,2025-01-29,ROGERS WIRELESS 02,Garden City 78 ON,Posted,Debit,103.84
,2025-01-30,JAMES STREET MARKET 04,Harbor City 88 ON,Posted,Debit,3.08
,2025-01-31,JAMES STREET MARKET 04,River City 66 ON,Posted,Debit,3.81
,2025-01-31,JAMES STREET MARKET 04,River City 66 ON,Posted,Debit,3.92
,2025-01-31,UBER TRIP 04,Metro City 55 ON,Posted,Debit,9.12
,2025-01-31,SPOTIFY SUBSCRIPTION 01,Union City 95 ON,Posted,Debit,10.10
,2025-01-31,COCO BUBBLE TEA 10,River City 66 ON,Posted,Debit,15.65
,2025-01-31,MENYA KYU KITCHEN 17,River City 66 ON,Posted,Debit,29.88
,2025-01-31,UBER EATS DELIVERY 01,Metro City 55 ON,Posted,Debit,32.58
,2025-02-01,JAMES STREET MARKET 04,River City 66 ON,Posted,Debit,10.90
,2025-02-01,FAMILY HAIR CUT 01,River City 66 ON,Posted,Debit,40.90
,2025-02-01,UBER TRIP 04,Metro City 55 ON,Posted,Debit,7.18
,2025-02-01,TIM HORTONS CAFE 06,River City 66 ON,Posted,Debit,3.68
,2025-02-02,UBER EATS DELIVERY 02,Metro City 55 ON,Posted,Debit,30.21
,2025-02-02,MENYA KYU KITCHEN 27,River City 66 ON,Posted,Debit,40.35
,2025-02-02,MENYA KYU KITCHEN 27,River City 66 ON,Posted,Debit,40.35
,2025-02-02,UBER EATS DELIVERY 02,Crown City 38 ON,Posted,Debit,2.82
,2025-02-03,BIG SCOOPS DESSERT 09,River City 66 ON,Posted,Debit,13.71
,2025-02-03,JAMES STREET MARKET 04,River City 66 ON,Posted,Debit,20.41
,2025-02-03,UBER EATS DELIVERY 01,Metro City 55 ON,Posted,Debit,47.00
,2025-02-05,JAMES STREET MARKET 04,River City 66 ON,Posted,Debit,16.43
,2025-02-05,UBER TRIP 04,Metro City 55 ON,Posted,Debit,22.09
,2025-02-06,JAMES STREET MARKET 04,River City 66 ON,Posted,Debit,18.34
,2025-02-06,JAMES STREET MARKET 04,River City 66 ON,Posted,Debit,7.19
,2025-02-07,UBER TRIP 06,Metro City 55 ON,Posted,Debit,19.74
,2025-02-07,OPENAI SUBSCRIPTION 02,Crown City 26 ON,Posted,Debit,29.16
,2025-02-07,JAMES STREET MARKET 04,River City 66 ON,Posted,Debit,15.67
,2025-02-07,JAMES STREET MARKET 04,River City 66 ON,Posted,Debit,10.49
,2025-02-07,PRESTO TRANSIT 02,Metro City 55 ON,Posted,Debit,21.80
,2025-02-07,UBER TRIP 06,Metro City 55 ON,Posted,Debit,19.52
,2025-02-08,BIG SCOOPS DESSERT 09,River City 66 ON,Posted,Debit,6.18
,2025-02-08,JAMES STREET MARKET 02,River City 66 ON,Posted,Debit,5.72
,2025-02-08,LOCAL MERCHANT 03,River City 66 ON,Posted,Debit,22.25
,2025-02-09,JAMES STREET MARKET 04,Harbor City 88 ON,Posted,Debit,7.26
,2025-02-10,JAMES STREET MARKET 04,River City 66 ON,Posted,Debit,29.89
,2025-02-10,TIM HORTONS CAFE 06,River City 66 ON,Posted,Debit,2.71
,2025-02-11,JAMES STREET MARKET 04,River City 66 ON,Posted,Debit,20.55
,2025-02-11,AMAZON.CA MARKETPLACE 27,Metro City 73 BC,Posted,Debit,63.88
,2025-02-11,PAYMENT FROM CHEQUING 01,,Posted,Credit,-910.00
,2025-02-12,JAMES STREET MARKET 04,River City 66 ON,Posted,Debit,6.36
,2025-02-12,UBER EATS DELIVERY 02,Metro City 55 ON,Posted,Debit,17.43
,2025-02-12,UBER EATS DELIVERY 01,Metro City 55 ON,Posted,Debit,14.48
,2025-02-12,UBER EATS DELIVERY 01,Metro City 55 ON,Posted,Debit,0.94
,2025-02-12,AMZN MKTP SUBSCRIPTION 04,Union City 23 ON,Posted,Debit,12.13
,2025-02-12,AMAZON.CA MARKETPLACE 28,River City 90 ON,Posted,Debit,0.88
,2025-02-12,AMZN MKTP SUBSCRIPTION 06,Union City 23 ON,Posted,Debit,33.42
,2025-02-13,GRAVITY CLIMBING GYM 04,River City 66 ON,Posted,Debit,16.09
,2025-02-13,SCOTIA CREDIT CARD PROTECT 03,,Posted,Debit,13.60
,2025-02-13,AMAZON.CA MARKETPLACE 25,Harbor City 46 AB,Posted,Debit,10.47
,2025-02-13,MANULIFE TRAVEL INSURANCE 02,Crown City 86 ON,Posted,Debit,320.20
,2025-02-14,AMZN MKTP SUBSCRIPTION 05,Union City 23 ON,Posted,Debit,24.49
,2025-02-14,UBER EATS DELIVERY 01,Metro City 55 ON,Posted,Debit,29.34
,2025-02-14,ROGERS WIRELESS 01,Cedar City 32 QC,Posted,Debit,96.82
,2025-02-15,JAMES STREET MARKET 04,River City 66 ON,Posted,Debit,9.25
,2025-02-15,AMZN MKTP SUBSCRIPTION 03,Union City 23 ON,Posted,Debit,20.56
,2025-02-15,MENYA KYU KITCHEN 23,River City 66 ON,Posted,Debit,51.76
,2025-02-16,COCA COLA VENDING 02,Harbor City 76 ON,Posted,Debit,6.08
,2025-02-16,MCDONALDS QUICK BITE 01,Metro City 13 ON,Posted,Debit,27.61
,2025-02-16,GOOGLE ONE STORAGE 01,Cedar City 86 ON,Posted,Debit,2.96
,2025-02-18,PRESTO TRANSIT 02,Metro City 55 ON,Posted,Debit,21.80
,2025-02-18,IMMIGRATION CANADA ONLINE 03,North City 19 ON,Posted,Debit,11.10
,2025-02-19,JAMES STREET MARKET 04,River City 66 ON,Posted,Debit,10.35
,2025-02-19,TIM HORTONS CAFE 06,River City 66 ON,Posted,Debit,9.90
,2025-02-20,SPOTIFY SUBSCRIPTION 03,River City 72 ON,Posted,Debit,12.42
,2025-02-20,COCO BUBBLE TEA 05,River City 66 ON,Posted,Debit,15.03
,2025-02-20,DOLLARAMA STORE 05,River City 66 ON,Posted,Debit,52.04
,2025-02-20,MENYA KYU KITCHEN 09,River City 66 ON,Posted,Debit,28.17
,2025-02-20,TICKETMASTER EVENTS 06,Metro City 55 ON,Posted,Debit,400.44
,2025-02-21,UBER EATS DELIVERY 01,Metro City 55 ON,Posted,Debit,58.55
,2025-02-25,PAYMENT FROM CHEQUING 01,,Posted,Credit,-1638.00
,2025-02-26,BIG SCOOPS DESSERT 09,Harbor City 88 ON,Posted,Debit,13.71
,2025-02-26,APPLE.COM/BILL GAMING 01,Harbor City 88 ON,Posted,Debit,1.46
,2025-02-26,JAMES STREET MARKET 04,River City 66 ON,Posted,Debit,20.48
,2025-02-27,AMAZON.CA MARKETPLACE 26,Crown City 14 OH,Posted,Debit,75.79
,2025-02-28,UBER TRIP 04,Metro City 55 ON,Posted,Debit,19.50
,2025-02-28,JAMES STREET MARKET 04,River City 66 ON,Posted,Debit,11.91
,2025-03-01,UBER TRIP 04,Metro City 55 ON,Posted,Debit,13.90
,2025-03-01,UBER EATS DELIVERY 01,Metro City 55 ON,Posted,Debit,0.94
,2025-03-01,UBER EATS DELIVERY 01,Metro City 55 ON,Posted,Debit,19.09
,2025-03-02,UBER EATS DELIVERY 01,Metro City 55 ON,Posted,Debit,64.56
,2025-03-02,JAMES STREET MARKET 02,River City 66 ON,Posted,Debit,23.75
,2025-03-02,BIG SCOOPS DESSERT 09,River City 66 ON,Posted,Debit,8.60
,2025-03-02,SPOTIFY SUBSCRIPTION 01,Union City 95 ON,Posted,Debit,10.10
,2025-03-03,AMAZON.CA MARKETPLACE 13,Garden City 84 ON,Posted,Debit,6.95
,2025-03-03,AMAZON.CA MARKETPLACE 11,Garden City 84 ON,Posted,Debit,20.89
,2025-03-06,JAMES STREET MARKET 04,River City 66 ON,Posted,Debit,7.19
,2025-03-06,COCO BUBBLE TEA 06,River City 66 ON,Posted,Debit,20.43
,2025-03-06,MENYA KYU KITCHEN 20,River City 66 ON,Posted,Debit,23.34
,2025-03-08,AMAZON.CA MARKETPLACE 26,Crown City 14 OH,Posted,Debit,7.44
,2025-03-09,JAMES STREET MARKET 02,River City 66 ON,Posted,Debit,14.60
,2025-03-09,UBER EATS DELIVERY 01,Metro City 55 ON,Posted,Debit,24.80
,2025-03-09,OPENAI SUBSCRIPTION 02,Crown City 26 ON,Posted,Debit,29.54
,2025-03-09,UBER EATS DELIVERY 01,Metro City 55 ON,Posted,Debit,32.46
,2025-03-10,JAMES STREET MARKET 04,River City 66 ON,Posted,Debit,3.63
,2025-03-11,PAYMENT FROM CHEQUING 01,,Posted,Credit,-455.00
,2025-03-11,ROGERS WIRELESS 02,Garden City 78 ON,Posted,Debit,30.85
,2025-03-13,APPLE.COM/BILL GAMING 01,Harbor City 88 ON,Posted,Debit,4.95
,2025-03-13,JAMES STREET MARKET 04,River City 66 ON,Posted,Debit,30.48
,2025-03-14,MENYA KYU KITCHEN 07,River City 66 ON,Posted,Debit,30.62
,2025-03-14,SCOTIA CREDIT CARD PROTECT 03,,Posted,Debit,11.28
,2025-03-15,AMAZON.CA MARKETPLACE 25,Harbor City 46 AB,Posted,Debit,10.62
,2025-03-16,JAMES STREET MARKET 04,River City 66 ON,Posted,Debit,5.91
,2025-03-16,MENYA KYU KITCHEN 26,River City 66 ON,Posted,Debit,50.96
,2025-03-17,MENYA KYU KITCHEN 37,River City 66 ON,Posted,Debit,31.86
,2025-03-18,FAMILY HAIR CUT 01,Harbor City 88 ON,Posted,Debit,40.90
,2025-03-18,GOOGLE ONE STORAGE 01,Cedar City 86 ON,Posted,Debit,2.96
,2025-03-19,MENYA KYU KITCHEN 17,River City 66 ON,Posted,Debit,27.16
,2025-03-19,UBER TRIP 04,Metro City 55 ON,Posted,Debit,12.91
,2025-03-19,QUEENS LEARNING PORTAL 03,King City 63 ON,Posted,Debit,16.38
,2025-03-19,UBER EATS DELIVERY 01,Metro City 55 ON,Posted,Debit,18.91
,2025-03-20,UBER EATS DELIVERY 02,Metro City 79 ON,Posted,Debit,29.50
,2025-03-21,MENYA KYU KITCHEN 04,River City 66 ON,Posted,Debit,76.12
,2025-03-21,UBER EATS DELIVERY 02,Metro City 79 ON,Posted,Debit,51.62
,2025-03-22,JAMES STREET MARKET 04,River City 66 ON,Posted,Debit,5.95
,2025-03-22,SPOTIFY SUBSCRIPTION 04,River City 72 ON,Posted,Debit,13.17
,2025-03-23,LOCAL MERCHANT 04,Metro City 55 ON,Posted,Debit,197.42
,2025-03-24,UBER EATS DELIVERY 01,Metro City 55 ON,Posted,Debit,31.40
,2025-03-26,MENYA KYU KITCHEN 17,River City 66 ON,Posted,Debit,28.52
,2025-03-27,JAMES STREET MARKET 04,River City 66 ON,Posted,Debit,13.67
,2025-03-29,APPLE.COM/BILL GAMING 01,Harbor City 88 ON,Posted,Debit,1.46
,2025-03-29,PAYMENT FROM CHEQUING 01,,Posted,Credit,-809.90
,2025-03-31,UBER EATS DELIVERY 01,Metro City 55 ON,Posted,Debit,30.67
,2025-04-01,JAMES STREET MARKET 04,River City 66 ON,Posted,Debit,52.13
,2025-04-01,AMAZON.CA MARKETPLACE 01,Harbor City 34 BC,Posted,Debit,30.00
,2025-04-01,AMAZON.CA MARKETPLACE 03,Harbor City 34 BC,Posted,Debit,9.86
,2025-04-01,UBER TRIP 04,Metro City 55 ON,Posted,Debit,13.45
,2025-04-01,UBER TRIP 06,Metro City 55 ON,Posted,Debit,12.18
,2025-04-01,PRESTO TRANSIT 02,Metro City 55 ON,Posted,Debit,21.80
,2025-04-02,SPOTIFY SUBSCRIPTION 01,Union City 95 ON,Posted,Debit,10.10
,2025-04-03,PAYMENTUS UTILITIES 01,Union City 29 ON,Posted,Debit,2.57
,2025-04-03,JAMES STREET MARKET 04,River City 66 ON,Posted,Debit,27.13
,2025-04-03,PAYMENTUS UTILITIES 02,King City 51 ON,Posted,Debit,120.02
,2025-04-04,UBER EATS DELIVERY 01,Metro City 55 ON,Posted,Debit,19.19
,2025-04-06,UBER EATS DELIVERY 01,Metro City 55 ON,Posted,Debit,28.12
,2025-04-06,JAMES STREET MARKET 04,River City 66 ON,Posted,Debit,5.91
,2025-04-07,COCO BUBBLE TEA 04,Summit City 94 ON,Posted,Debit,13.57
,2025-04-07,DOLLARAMA STORE 02,Summit City 22 ON,Posted,Debit,545.86
,2025-04-07,PETRO-CANADA FUEL 01,River City 66 ON,Posted,Debit,11.05
,2025-04-07,PETRO-CANADA FUEL 01,River City 66 ON,Posted,Debit,11.05
,2025-04-08,COMMUNAUTO SHARE 03,River City 66 ON,Posted,Debit,128.16
,2025-04-08,UBER EATS DELIVERY 01,Metro City 55 ON,Posted,Debit,21.19
,2025-04-08,TIM HORTONS CAFE 06,River City 66 ON,Posted,Debit,2.71
,2025-04-09,OPENAI SUBSCRIPTION 02,Garden City 18 ON,Posted,Debit,29.93
,2025-04-09,JAMES STREET MARKET 04,River City 66 ON,Posted,Debit,10.94
,2025-04-09,COMMUNAUTO SHARE 01,Summit City 34 ON,Posted,Debit,18.93
,2025-04-10,ROGERS WIRELESS 02,Garden City 78 ON,Posted,Debit,30.85
,2025-04-11,APPLE.COM/BILL GAMING 01,Harbor City 88 ON,Posted,Debit,7.09
,2025-04-12,JAMES STREET MARKET 04,River City 66 ON,Posted,Debit,22.93
,2025-04-12,JAMES STREET MARKET 04,River City 66 ON,Posted,Debit,13.74
,2025-04-13,JAMES STREET MARKET 02,River City 66 ON,Posted,Debit,7.54
,2025-04-14,PAYMENT FROM CHEQUING 02,Summit City 34 ON,Posted,Credit,-1294.13
,2025-04-14,COCO BUBBLE TEA 06,River City 66 ON,Posted,Debit,6.78
,2025-04-15,AMAZON.CA MARKETPLACE 25,Harbor City 46 AB,Posted,Debit,10.84
,2025-04-15,MCDONALDS QUICK BITE 11,Metro City 73 ON,Posted,Debit,15.91
,2025-04-15,SCOTIA CREDIT CARD PROTECT 02,Maple City 95 ON,Posted,Debit,0.59
,2025-04-15,SCOTIA CREDIT CARD PROTECT 02,Crown City 20 ON,Posted,Debit,7.38
,2025-04-15,MENYA KYU KITCHEN 26,River City 66 ON,Posted,Debit,62.90
,2025-04-17,JAMES STREET MARKET 04,River City 66 ON,Posted,Debit,6.16
,2025-04-18,JAMES STREET MARKET 04,River City 66 ON,Posted,Debit,17.90
,2025-04-18,JAMES STREET MARKET 04,River City 66 ON,Posted,Debit,5.91
,2025-04-18,GOOGLE ONE STORAGE 01,Cedar City 86 ON,Posted,Debit,2.96
,2025-04-20,UBER EATS DELIVERY 02,Metro City 55 ON,Posted,Debit,37.40
,2025-04-21,JAMES STREET MARKET 04,River City 66 ON,Posted,Debit,18.49
,2025-04-22,AMAZON.CA MARKETPLACE 04,Harbor City 34 BC,Posted,Debit,239.76
,2025-04-22,SPOTIFY SUBSCRIPTION 05,River City 72 ON,Posted,Debit,10.93
,2025-04-22,AMAZON.CA MARKETPLACE 02,Harbor City 34 BC,Posted,Debit,10.64
,2025-04-22,APPLE.COM/BILL GAMING 01,Harbor City 88 ON,Posted,Debit,0.33
,2025-04-23,APPLE.COM/BILL GAMING 02,Garden City 24 ON,Posted,Debit,6.62
,2025-04-23,APPLE.COM/BILL GAMING 02,Garden City 24 ON,Posted,Debit,6.62
,2025-04-23,JAMES STREET MARKET 04,River City 66 ON,Posted,Debit,10.03
,2025-04-24,AMAZON.CA MARKETPLACE 05,Harbor City 34 BC,Posted,Debit,36.10
,2025-04-24,UBER EATS DELIVERY 01,Metro City 55 ON,Posted,Debit,29.94
,2025-04-25,UBER EATS DELIVERY 01,Metro City 55 ON,Posted,Debit,28.21
,2025-04-28,AMAZON.CA MARKETPLACE 22,Harbor City 22 BC,Posted,Debit,358.98
,2025-04-28,UBER EATS DELIVERY 01,Metro City 55 ON,Posted,Debit,33.53
,2025-04-29,JAMES STREET MARKET 04,River City 66 ON,Posted,Debit,13.62
,2025-04-30,MENYA KYU KITCHEN 08,River City 66 ON,Posted,Debit,32.49
,2025-04-30,JAMES STREET MARKET 04,Harbor City 88 ON,Posted,Debit,15.15
,2025-05-01,AMAZON.CA MARKETPLACE 29,North City 19 ON,Posted,Debit,228.18
,2025-05-01,AMAZON.CA MARKETPLACE 31,Metro City 55 ON,Posted,Debit,168.45
,2025-05-01,UBER EATS DELIVERY 01,Metro City 55 ON,Posted,Debit,26.14
,2025-05-02,SPOTIFY SUBSCRIPTION 01,Union City 95 ON,Posted,Debit,10.10
,2025-05-03,UBER TRIP 04,Metro City 55 ON,Posted,Debit,7.24
,2025-05-03,UBER TRIP 04,Metro City 55 ON,Posted,Debit,15.13
,2025-05-03,UBER TRIP 04,Metro City 55 ON,Posted,Debit,19.04
,2025-05-03,MENYA KYU KITCHEN 15,Metro City 55 ON,Posted,Debit,97.55
,2025-05-03,UBER TRIP 04,Metro City 55 ON,Posted,Debit,17.04
,2025-05-03,JAMES STREET MARKET 04,River City 66 ON,Posted,Debit,24.99
,2025-05-04,PRESTO TRANSIT 02,Metro City 55 ON,Posted,Debit,21.80
,2025-05-05,UBER EATS DELIVERY 01,Metro City 55 ON,Posted,Debit,46.68
,2025-05-06,SCOTIA CREDIT CARD PROTECT 04,Union City 11 ON,Posted,Credit,-9.85
,2025-05-06,MENYA KYU KITCHEN 17,River City 66 ON,Posted,Debit,26.89
,2025-05-07,COMMUNAUTO SHARE 01,Summit City 34 ON,Posted,Debit,13.20
,2025-05-08,PAYMENT FROM CHEQUING 02,Summit City 34 ON,Posted,Credit,-1779.30
,2025-05-08,MCDONALDS QUICK BITE 07,River City 66 ON,Posted,Debit,22.73
,2025-05-09,OPENAI SUBSCRIPTION 02,Garden City 18 ON,Posted,Debit,30.49
,2025-05-09,TICKETMASTER EVENTS 06,Metro City 55 ON,Posted,Debit,2123.12
,2025-05-10,ROGERS WIRELESS 02,Garden City 78 ON,Posted,Debit,30.85
,2025-05-11,JAMES STREET MARKET 04,River City 66 ON,Posted,Debit,9.72
,2025-05-11,JAMES STREET MARKET 04,River City 66 ON,Posted,Debit,18.63
,2025-05-12,JAMES STREET MARKET 04,River City 66 ON,Posted,Debit,15.28
,2025-05-13,JAMES STREET MARKET 04,River City 66 ON,Posted,Debit,1.44
,2025-05-14,UBER EATS DELIVERY 02,Metro City 55 ON,Posted,Debit,29.06
,2025-05-15,UBER EATS DELIVERY 01,Metro City 55 ON,Posted,Debit,21.02
,2025-05-15,SCOTIA CREDIT CARD PROTECT 02,Crown City 20 ON,Posted,Debit,13.02
,2025-05-15,SCOTIA CREDIT CARD PROTECT 02,Maple City 95 ON,Posted,Debit,1.04
,2025-05-16,UBER TRIP 04,Metro City 55 ON,Posted,Debit,9.22
,2025-05-16,MENYA KYU KITCHEN 07,River City 66 ON,Posted,Debit,28.07
,2025-05-16,SHOPPERS DRUG MART 01,River City 66 ON,Posted,Debit,19.81
,2025-05-17,AMAZON.CA MARKETPLACE 31,Metro City 55 ON,Posted,Credit,-16.95
,2025-05-17,MENYA KYU KITCHEN 18,River City 66 ON,Posted,Debit,18.70
,2025-05-17,JAMES STREET MARKET 04,River City 66 ON,Posted,Debit,6.24
,2025-05-18,MENYA KYU KITCHEN 26,River City 66 ON,Posted,Debit,150.14
,2025-05-18,DOLLARAMA STORE 12,Summit City 94 ON,Posted,Debit,111.30
,2025-05-18,MENYA KYU KITCHEN 06,River City 66 ON,Posted,Debit,41.31
,2025-05-18,GOOGLE ONE STORAGE 01,Cedar City 86 ON,Posted,Debit,2.96
,2025-05-19,QUEENS LEARNING PORTAL 05,Crown City 14 MN,Posted,Debit,167.23
,2025-05-19,SPOTIFY SUBSCRIPTION 06,River City 72 ON,Posted,Debit,7.11
,2025-05-24,AMZN MKTP SUBSCRIPTION 07,Union City 23 ON,Posted,Debit,59.03
,2025-06-01,APPLE.COM/BILL GAMING 01,Harbor City 88 ON,Posted,Debit,1.12
,2025-06-02,SPOTIFY SUBSCRIPTION 01,Union City 95 ON,Posted,Debit,10.10
,2025-06-05,SCOTIA CREDIT CARD PROTECT 04,Union City 11 ON,Posted,Credit,-9.85
,2025-06-06,COMMUNAUTO SHARE 01,Summit City 34 ON,Posted,Debit,13.20
,2025-06-09,APPLE.COM/BILL GAMING 01,Harbor City 88 ON,Posted,Debit,37.18
,2025-06-09,OPENAI SUBSCRIPTION 02,Garden City 18 ON,Posted,Debit,30.96
,2025-06-10,PAYMENT FROM CHEQUING 02,Summit City 34 ON,Posted,Credit,-2842.00
,2025-06-10,ROGERS WIRELESS 02,Garden City 78 ON,Posted,Debit,30.85
,2025-06-10,PRESTO TRANSIT 02,Metro City 55 ON,Posted,Debit,21.80
,2025-06-10,JAMES STREET MARKET 04,River City 66 ON,Posted,Debit,14.43
,2025-06-10,JAMES STREET MARKET 04,Harbor City 88 ON,Posted,Debit,9.36
,2025-06-11,UBER TRIP 04,Metro City 55 ON,Posted,Debit,13.60
,2025-06-12,APPLE.COM/BILL GAMING 01,Harbor City 88 ON,Posted,Debit,55.25
,2025-06-13,JAMES STREET MARKET 04,River City 66 ON,Posted,Debit,15.45
,2025-06-15,SCOTIA CREDIT CARD PROTECT 02,Crown City 20 ON,Posted,Debit,26.77
,2025-06-15,SCOTIA CREDIT CARD PROTECT 02,Maple City 95 ON,Posted,Debit,2.14
,2025-06-15,UBER EATS DELIVERY 01,Metro City 55 ON,Posted,Debit,23.16
,2025-06-15,JAMES STREET MARKET 04,River City 66 ON,Posted,Debit,13.18
,2025-06-16,MENYA KYU KITCHEN 37,River City 66 ON,Posted,Debit,22.88
,2025-06-16,APPLE.COM/BILL GAMING 03,North City 19 ON,Posted,Debit,22.25
,2025-06-16,APPLE.COM/BILL GAMING 03,North City 19 ON,Posted,Debit,7.42
,2025-06-16,MENYA KYU KITCHEN 16,River City 66 ON,Posted,Debit,6.54
,2025-06-16,APPLE.COM/BILL GAMING 03,North City 19 ON,Posted,Debit,4.41
,2025-06-16,APPLE.COM/BILL GAMING 03,North City 19 ON,Posted,Debit,4.41
,2025-06-16,APPLE.COM/BILL GAMING 03,North City 19 ON,Posted,Debit,4.44
,2025-06-16,APPLE.COM/BILL GAMING 03,North City 19 ON,Posted,Debit,4.41
,2025-06-17,APPLE.COM/BILL GAMING 03,North City 19 ON,Posted,Debit,4.44
,2025-06-17,APPLE.COM/BILL GAMING 03,North City 19 ON,Posted,Debit,7.42
,2025-06-17,APPLE.COM/BILL GAMING 03,North City 19 ON,Posted,Debit,13.37
,2025-06-17,APPLE.COM/BILL GAMING 03,North City 19 ON,Posted,Debit,44.58
,2025-06-17,APPLE.COM/BILL GAMING 03,North City 19 ON,Posted,Debit,13.37
,2025-06-18,AMAZON.CA MARKETPLACE 21,Garden City 84 ON,Posted,Debit,46.46
,2025-06-18,UBER EATS DELIVERY 01,Metro City 55 ON,Posted,Debit,44.46
,2025-06-18,APPLE.COM/BILL GAMING 03,North City 19 ON,Posted,Debit,4.42
,2025-06-18,GOOGLE ONE STORAGE 01,Cedar City 86 ON,Posted,Debit,2.96
,2025-06-19,SPOTIFY SUBSCRIPTION 07,River City 72 ON,Posted,Debit,7.00
,2025-06-19,APPLE.COM/BILL GAMING 03,North City 19 ON,Posted,Debit,1.46
,2025-06-20,APPLE.COM/BILL GAMING 03,North City 19 ON,Posted,Debit,147.90
,2025-06-20,APPLE.COM/BILL GAMING 01,Harbor City 88 ON,Posted,Debit,27.04
,2025-06-20,APPLE.COM/BILL GAMING 03,North City 19 ON,Posted,Debit,14.78
,2025-06-20,AMAZON.CA MARKETPLACE 32,Cedar City 80 WA,Posted,Debit,0.43
,2025-06-21,JAMES STREET MARKET 04,Harbor City 88 ON,Posted,Debit,18.05
,2025-06-21,APPLE.COM/BILL GAMING 01,Harbor City 88 ON,Posted,Debit,37.27
,2025-06-22,APPLE.COM/BILL GAMING 03,North City 19 ON,Posted,Debit,2.94
,2025-06-22,AMAZON.CA MARKETPLACE 32,Cedar City 80 WA,Posted,Credit,-0.41
,2025-06-22,UBER EATS DELIVERY 01,Metro City 55 ON,Posted,Debit,23.05
,2025-06-23,APPLE.COM/BILL GAMING 03,North City 19 ON,Posted,Debit,2.94
,2025-06-23,APPLE.COM/BILL GAMING 03,North City 19 ON,Posted,Debit,4.38
,2025-06-23,UBER EATS DELIVERY 01,Metro City 55 ON,Posted,Debit,25.11
,2025-06-23,APPLE.COM/BILL GAMING 03,North City 19 ON,Posted,Debit,4.38
,2025-06-23,APPLE.COM/BILL GAMING 03,North City 19 ON,Posted,Debit,4.38
,2025-06-23,APPLE.COM/BILL GAMING 03,North City 19 ON,Posted,Debit,4.38
,2025-06-24,UBER TRIP 04,Metro City 55 ON,Posted,Debit,0.94
,2025-06-25,APPLE.COM/BILL GAMING 01,Harbor City 88 ON,Posted,Debit,21.36
,2025-06-25,UBER TRIP 04,Metro City 55 ON,Posted,Debit,14.36
,2025-06-26,JAMES STREET MARKET 04,River City 66 ON,Posted,Debit,11.04
,2025-06-26,APPLE.COM/BILL GAMING 03,North City 19 ON,Posted,Debit,2.96
,2025-06-27,APPLE.COM/BILL GAMING 03,North City 19 ON,Posted,Debit,2.98
,2025-06-27,APPLE.COM/BILL GAMING 03,North City 19 ON,Posted,Debit,7.48
,2025-06-27,JAMES STREET MARKET 04,River City 66 ON,Posted,Debit,14.54
,2025-06-27,APPLE.COM/BILL GAMING 01,Harbor City 88 ON,Posted,Debit,34.98
,2025-06-28,SPOTIFY SUBSCRIPTION 01,Union City 95 ON,Posted,Debit,49.56
,2025-06-28,UBER EATS DELIVERY 02,Metro City 55 ON,Posted,Debit,24.19
,2025-06-28,APPLE.COM/BILL GAMING 03,North City 19 ON,Posted,Debit,4.44
,2025-06-28,SPOTIFY SUBSCRIPTION 01,Union City 95 ON,Posted,Credit,-10.10
,2025-06-29,TICKETMASTER EVENTS 04,Union City 59 ON,Posted,Debit,106.74
,2025-06-30,PAYMENT FROM CHEQUING 02,Summit City 34 ON,Posted,Credit,-812.00
,2025-07-01,APPLE.COM/BILL GAMING 03,North City 19 ON,Posted,Debit,4.50
,2025-07-01,APPLE.COM/BILL GAMING 03,North City 19 ON,Posted,Debit,4.50
,2025-07-01,APPLE.COM/BILL GAMING 03,North City 19 ON,Posted,Debit,4.50
,2025-07-01,APPLE.COM/BILL GAMING 03,North City 19 ON,Posted,Debit,4.50
,2025-07-01,APPLE.COM/BILL GAMING 03,North City 19 ON,Posted,Debit,3.01
,2025-07-02,APPLE.COM/BILL GAMING 03,North City 19 ON,Posted,Debit,2.96
,2025-07-02,UBER EATS DELIVERY 01,Metro City 55 ON,Posted,Debit,24.98
,2025-07-02,MENYA KYU KITCHEN 17,River City 66 ON,Posted,Debit,17.24
,2025-07-03,JAMES STREET MARKET 04,River City 66 ON,Posted,Debit,17.25
,2025-07-04,APPLE.COM/BILL GAMING 01,Harbor City 88 ON,Posted,Debit,21.40
,2025-07-04,COMMUNAUTO SHARE 01,Summit City 34 ON,Posted,Debit,13.20
,2025-07-06,UBER EATS DELIVERY 01,Metro City 55 ON,Posted,Debit,24.98
,2025-07-08,SHOPPERS DRUG MART 05,River City 66 ON,Posted,Debit,26.16
,2025-07-08,APPLE.COM/BILL GAMING 01,Harbor City 88 ON,Posted,Debit,5.63
,2025-07-08,APPLE.COM/BILL GAMING 03,North City 19 ON,Posted,Debit,4.38
,2025-07-10,UBER EATS DELIVERY 01,Metro City 55 ON,Posted,Debit,24.98
,2025-07-10,APPLE.COM/BILL GAMING 03,North City 19 ON,Posted,Debit,4.37
,2025-07-11,LINKEDIN PREMIUM 04,North City 61 ON,Posted,Debit,72.23
,2025-07-11,ROGERS WIRELESS 02,Garden City 78 ON,Posted,Debit,34.45
,2025-07-12,UBER EATS DELIVERY 02,Metro City 55 ON,Posted,Debit,66.05
,2025-07-12,JAMES STREET MARKET 04,Harbor City 88 ON,Posted,Debit,9.15
,2025-07-13,APPLE.COM/BILL GAMING 01,Metro City 19 ON,Posted,Debit,49.67
,2025-07-14,JAMES STREET MARKET 04,River City 66 ON,Posted,Debit,13.20
,2025-07-15,OPENAI SUBSCRIPTION 02,Cedar City 38 CA,Posted,Debit,30.42
,2025-07-16,SCOTIA CREDIT CARD PROTECT 02,Crown City 20 ON,Posted,Debit,8.64
,2025-07-16,SCOTIA CREDIT CARD PROTECT 02,Maple City 95 ON,Posted,Debit,0.69
,2025-07-16,JAMES STREET MARKET 04,River City 66 ON,Posted,Debit,9.76
,2025-07-17,SCOTIA CREDIT CARD PROTECT 02,Crown City 20 ON,Posted,Debit,0.01
,2025-07-17,JAMES STREET MARKET 04,River City 66 ON,Posted,Debit,12.66
,2025-07-18,GOOGLE ONE STORAGE 02,Cedar City 86 ON,Posted,Debit,2.87
,2025-07-19,JAMES STREET MARKET 04,River City 66 ON,Posted,Debit,37.45
,2025-07-20,SPOTIFY SUBSCRIPTION 08,River City 72 ON,Posted,Debit,7.44
,2025-07-21,JAMES STREET MARKET 04,River City 66 ON,Posted,Debit,14.69
,2025-07-22,SHOPPERS DRUG MART 05,River City 66 ON,Posted,Debit,31.95
,2025-07-22,UBER EATS DELIVERY 01,Metro City 55 ON,Posted,Debit,20.32
,2025-07-23,UBER EATS DELIVERY 02,Metro City 55 ON,Posted,Debit,37.95
,2025-07-24,APPLE.COM/BILL GAMING 01,Harbor City 88 ON,Posted,Debit,1.12
,2025-07-24,QUEENS LEARNING PORTAL 01,River City 66 ON,Posted,Debit,159.00
,2025-07-24,UBER EATS DELIVERY 01,Metro City 55 ON,Posted,Debit,29.96
,2025-07-26,MENYA KYU KITCHEN 17,River City 66 ON,Posted,Debit,35.31
,2025-07-26,PAYMENTUS UTILITIES 02,King City 51 ON,Posted,Debit,267.48
,2025-07-26,PAYMENTUS UTILITIES 01,Union City 29 ON,Posted,Debit,5.74
,2025-07-28,COCO BUBBLE TEA 06,Union City 59 ON,Posted,Debit,19.82
,2025-07-30,MENYA KYU KITCHEN 33,River City 66 ON,Posted,Debit,8.00
,2025-07-31,COMMUNAUTO SHARE 01,Summit City 34 ON,Posted,Debit,20.08
,2025-07-31,JAMES STREET MARKET 04,River City 66 ON,Posted,Debit,8.72
,2025-08-02,UBER EATS DELIVERY 01,Metro City 55 ON,Posted,Debit,32.11
,2025-08-02,JAMES STREET MARKET 04,River City 66 ON,Posted,Debit,15.54
,2025-08-05,UBER EATS DELIVERY 02,Metro City 55 ON,Posted,Debit,33.43
,2025-08-05,UBER EATS DELIVERY 01,Metro City 55 ON,Posted,Debit,27.60
,2025-08-06,SCOTIA CREDIT CARD PROTECT 04,Union City 11 ON,Posted,Credit,-9.85
,2025-08-06,JAMES STREET MARKET 04,River City 66 ON,Posted,Debit,5.95
,2025-08-07,UBER EATS DELIVERY 02,Metro City 55 ON,Posted,Debit,27.59
,2025-08-08,ROGERS WIRELESS 02,Garden City 78 ON,Posted,Debit,34.45
,2025-08-08,LINKEDIN PREMIUM 02,North City 61 ON,Posted,Debit,81.91
,2025-08-10,JAMES STREET MARKET 04,River City 66 ON,Posted,Debit,22.90
,2025-08-12,PAYMENT FROM CHEQUING 02,Summit City 34 ON,Posted,Credit,-1982.30
,2025-08-12,UBER EATS DELIVERY 01,Metro City 55 ON,Posted,Debit,44.47
,2025-08-12,OPENAI SUBSCRIPTION 02,Cedar City 38 CA,Posted,Debit,30.82
,2025-08-13,SCOTIA CREDIT CARD PROTECT 01,,Posted,Debit,26.02
,2025-08-13,SCOTIA CREDIT CARD PROTECT 02,Crown City 20 ON,Posted,Debit,15.25
,2025-08-13,SCOTIA CREDIT CARD PROTECT 02,Maple City 95 ON,Posted,Debit,1.22
,2025-08-13,FAMILY HAIR CUT 01,River City 66 ON,Posted,Debit,40.90
,2025-08-13,JAMES STREET MARKET 04,River City 66 ON,Posted,Debit,12.63
,2025-08-13,GRAVITY CLIMBING GYM 02,River City 66 ON,Posted,Debit,30.94
,2025-08-13,GRAVITY CLIMBING GYM 02,River City 66 ON,Posted,Debit,2.21
,2025-08-14,UBER TRIP 04,Metro City 55 ON,Posted,Debit,7.03
,2025-08-14,JAMES STREET MARKET 04,River City 66 ON,Posted,Debit,20.88
,2025-08-14,SCOTIA CREDIT CARD PROTECT 02,Crown City 20 ON,Posted,Debit,0.01
,2025-08-14,SCOTIA CREDIT CARD PROTECT 02,Crown City 20 ON,Posted,Debit,0.02
,2025-08-15,APPLE.COM/BILL GAMING 03,North City 19 ON,Posted,Debit,4.39
,2025-08-16,JAMES STREET MARKET 04,River City 66 ON,Posted,Debit,24.36
,2025-08-16,GOOGLE ONE STORAGE 01,Cedar City 86 ON,Posted,Debit,2.96
,2025-08-16,APPLE.COM/BILL GAMING 03,North City 19 ON,Posted,Debit,7.36
,2025-08-16,APPLE.COM/BILL GAMING 03,North City 19 ON,Posted,Debit,14.74
,2025-08-16,APPLE.COM/BILL GAMING 03,North City 19 ON,Posted,Debit,1.46
,2025-08-16,APPLE.COM/BILL GAMING 03,North City 19 ON,Posted,Debit,1.46
,2025-08-16,APPLE.COM/BILL GAMING 03,North City 19 ON,Posted,Debit,2.94
,2025-08-16,APPLE.COM/BILL GAMING 03,North City 19 ON,Posted,Debit,88.47
,2025-08-17,SPOTIFY SUBSCRIPTION 09,River City 72 ON,Posted,Debit,6.57
,2025-08-17,APPLE.COM/BILL GAMING 03,North City 19 ON,Posted,Debit,147.48
,2025-08-18,APPLE.COM/BILL GAMING 03,North City 19 ON,Posted,Debit,4.41
,2025-08-18,JAMES STREET MARKET 04,River City 66 ON,Posted,Debit,8.63
,2025-08-18,APPLE.COM/BILL GAMING 03,North City 19 ON,Posted,Debit,2.94
,2025-08-18,APPLE.COM/BILL GAMING 03,North City 19 ON,Posted,Debit,4.38
,2025-08-19,JAMES STREET MARKET 04,River City 66 ON,Posted,Debit,11.82
,2025-08-21,UBER EATS DELIVERY 01,Metro City 55 ON,Posted,Debit,26.83
,2025-08-24,JAMES STREET MARKET 05,River City 66 ON,Posted,Debit,23.12
,2025-08-25,UBER EATS DELIVERY 02,Metro City 55 ON,Posted,Debit,29.92
,2025-08-26,APPLE.COM/BILL GAMING 03,North City 19 ON,Posted,Debit,4.38
,2025-08-26,APPLE.COM/BILL GAMING 03,North City 19 ON,Posted,Debit,1.46
,2025-08-26,QUEENS LEARNING PORTAL 06,Harbor City 76 ON,Posted,Debit,375.15
,2025-08-27,UBER EATS DELIVERY 02,Metro City 55 ON,Posted,Debit,57.49
,2025-08-28,JAMES STREET MARKET 04,River City 66 ON,Posted,Debit,15.22
,2025-08-28,PAYMENT FROM CHEQUING 02,Summit City 34 ON,Posted,Credit,-1049.51
,2025-08-31,UBER EATS DELIVERY 01,Metro City 55 ON,Posted,Debit,75.42
,2025-09-01,MENYA KYU KITCHEN 23,River City 66 ON,Posted,Debit,149.52
,2025-09-02,UBER TRIP 06,Crown City 38 ON,Posted,Debit,0.90
,2025-09-02,UBER TRIP 04,Metro City 55 ON,Posted,Debit,14.07
,2025-09-03,JAMES STREET MARKET 04,River City 66 ON,Posted,Debit,25.74
,2025-09-03,APPLE.COM/BILL GAMING 03,North City 19 ON,Posted,Debit,4.35
,2025-09-04,COMMUNAUTO SHARE 01,Summit City 34 ON,Posted,Debit,20.08
,2025-09-04,UBER EATS DELIVERY 02,Crown City 38 ON,Posted,Debit,27.49
,2025-09-04,UBER EATS DELIVERY 01,Metro City 55 ON,Posted,Debit,32.51
,2025-09-07,UBER EATS DELIVERY 01,Metro City 55 ON,Posted,Debit,20.00
,2025-09-07,JAMES STREET MARKET 04,River City 66 ON,Posted,Debit,24.83
,2025-09-08,ROGERS WIRELESS 02,Garden City 78 ON,Posted,Debit,44.74
,2025-09-08,LINKEDIN PREMIUM 03,North City 61 ON,Posted,Debit,72.23
,2025-09-09,JAMES STREET MARKET 04,River City 66 ON,Posted,Debit,21.55
,2025-09-10,UBER EATS DELIVERY 01,Metro City 55 ON,Posted,Debit,40.46
,2025-09-12,OPENAI SUBSCRIPTION 02,Cedar City 38 CA,Posted,Debit,29.80
,2025-09-13,COCA COLA VENDING 03,River City 66 ON,Posted,Debit,3.94
,2025-09-13,MENYA KYU KITCHEN 37,River City 66 ON,Posted,Debit,41.32
,2025-09-13,SCOTIA CREDIT CARD PROTECT 02,Crown City 20 ON,Posted,Debit,6.13
,2025-09-13,SCOTIA CREDIT CARD PROTECT 02,Maple City 95 ON,Posted,Debit,0.49
,2025-09-14,UBER EATS DELIVERY 01,Metro City 55 ON,Posted,Debit,25.06
,2025-09-14,SCOTIA CREDIT CARD PROTECT 02,Crown City 20 ON,Posted,Debit,0.02
,2025-09-15,UBER EATS DELIVERY 01,Metro City 55 ON,Posted,Debit,71.98
,2025-09-16,GOOGLE ONE STORAGE 01,Cedar City 86 ON,Posted,Debit,2.96
,2025-09-17,UBER TRIP 04,Metro City 55 ON,Posted,Debit,0.94
,2025-09-17,MENYA KYU KITCHEN 26,River City 66 ON,Posted,Debit,50.69
,2025-09-17,SPOTIFY SUBSCRIPTION 10,River City 72 ON,Posted,Debit,8.09
,2025-09-17,COCO BUBBLE TEA 09,River City 66 ON,Posted,Debit,9.90
,2025-09-18,UBER EATS DELIVERY 01,Metro City 55 ON,Posted,Debit,26.18
,2025-09-18,UBER TRIP 04,Metro City 55 ON,Posted,Debit,12.76
,2025-09-19,JAMES STREET MARKET 04,River City 66 ON,Posted,Debit,23.91
,2025-09-19,JAMES STREET MARKET 04,River City 66 ON,Posted,Debit,23.10
,2025-09-20,JAMES STREET MARKET 04,River City 66 ON,Posted,Debit,17.37
,2025-09-20,AMAZON.CA MARKETPLACE 20,Garden City 84 ON,Posted,Debit,29.90
,2025-09-22,COCA COLA VENDING 03,River City 66 ON,Posted,Debit,4.68
,2025-09-22,COCA COLA VENDING 03,River City 66 ON,Posted,Debit,4.68
,2025-09-22,MENYA KYU KITCHEN 27,River City 66 ON,Posted,Debit,43.68
,2025-09-22,COCA COLA VENDING 03,River City 66 ON,Posted,Debit,3.20
,2025-09-23,UBER TRIP 04,Metro City 55 ON,Posted,Debit,12.96
,2025-09-23,JAMES STREET MARKET 04,River City 66 ON,Posted,Debit,16.42
,2025-09-23,MCDONALDS QUICK BITE 12,River City 66 ON,Posted,Debit,20.05
,2025-09-24,MENYA KYU KITCHEN 35,River City 66 ON,Posted,Debit,20.48
,2025-09-24,JAMES STREET MARKET 04,River City 66 ON,Posted,Debit,1.53
,2025-09-24,UBER TRIP 06,Crown City 38 ON,Posted,Debit,8.85
,2025-09-24,UBER EATS DELIVERY 01,Metro City 55 ON,Posted,Debit,32.40
,2025-09-25,MENYA KYU KITCHEN 11,River City 66 ON,Posted,Debit,22.09
,2025-09-26,JAMES STREET MARKET 04,River City 66 ON,Posted,Debit,9.99
,2025-09-27,COCO BUBBLE TEA 11,Union City 59 ON,Posted,Debit,11.36
,2025-09-27,UBER TRIP 04,Metro City 55 ON,Posted,Debit,0.94
,2025-09-27,BIG SCOOPS DESSERT 10,Metro City 55 ON,Posted,Debit,5.78
,2025-09-27,PAYMENT FROM CHEQUING 02,Summit City 34 ON,Posted,Credit,-1314.43
,2025-09-28,MENYA KYU KITCHEN 34,River City 66 ON,Posted,Debit,49.56
,2025-09-28,COCO BUBBLE TEA 09,River City 66 ON,Posted,Debit,29.69
,2025-09-28,UBER TRIP 04,Metro City 55 ON,Posted,Debit,13.28
,2025-09-29,UBER TRIP 06,Crown City 38 ON,Posted,Debit,0.90
,2025-09-29,JAMES STREET MARKET 04,River City 66 ON,Posted,Debit,18.51
,2025-09-29,PRESTO TRANSIT 02,Metro City 55 ON,Posted,Debit,21.80
,2025-09-30,JAMES STREET MARKET 04,River City 66 ON,Posted,Debit,21.14
,2025-10-03,COMMUNAUTO SHARE 01,Summit City 34 ON,Posted,Debit,20.08
,2025-10-06,UBER EATS DELIVERY 01,Metro City 55 ON,Posted,Debit,11.46
,2025-10-06,UBER EATS DELIVERY 01,Metro City 55 ON,Posted,Debit,31.02
,2025-10-08,ROGERS WIRELESS 02,Garden City 78 ON,Posted,Debit,44.74
,2025-10-08,LINKEDIN PREMIUM 06,North City 61 ON,Posted,Debit,72.23
,2025-10-08,JAMES STREET MARKET 04,River City 66 ON,Posted,Debit,7.11
,2025-10-09,QUEENS LEARNING PORTAL 04,Crown City 44 CA,Posted,Debit,24.10
,2025-10-10,UBER EATS DELIVERY 01,Metro City 55 ON,Posted,Debit,36.80
,2025-10-12,OPENAI SUBSCRIPTION 02,Cedar City 38 CA,Posted,Debit,30.00
,2025-10-13,SCOTIA CREDIT CARD PROTECT 02,Maple City 95 ON,Posted,Debit,0.58
,2025-10-13,SCOTIA CREDIT CARD PROTECT 02,Crown City 20 ON,Posted,Debit,7.30
,2025-10-13,UBER EATS DELIVERY 01,Metro City 55 ON,Posted,Debit,33.67
,2025-10-14,SCOTIA CREDIT CARD PROTECT 02,Crown City 20 ON,Posted,Debit,0.01
,2025-10-15,UBER EATS DELIVERY 01,Metro City 55 ON,Posted,Debit,28.21
,2025-10-15,JAMES STREET MARKET 04,River City 66 ON,Posted,Debit,7.81
,2025-10-15,UBER EATS DELIVERY 01,Metro City 55 ON,Posted,Debit,58.57
,2025-10-16,GOOGLE ONE STORAGE 01,Cedar City 86 ON,Posted,Debit,2.96
,2025-10-17,SPOTIFY SUBSCRIPTION 11,River City 72 ON,Posted,Debit,7.98
,2025-10-18,UBER EATS DELIVERY 01,Metro City 55 ON,Posted,Debit,19.69
,2025-10-19,JAMES STREET MARKET 04,River City 66 ON,Posted,Debit,28.13
,2025-10-21,BOOKING.COM TRAVEL 02,Cedar City 32 QC,Posted,Debit,690.71
,2025-10-23,AMAZON.CA MARKETPLACE 17,Garden City 84 ON,Posted,Debit,20.01
,2025-10-23,COCO BUBBLE TEA 06,Union City 59 ON,Posted,Debit,5.16
,2025-10-23,RELX QLAB 01,River City 66 ON,Posted,Debit,35.21
,2025-10-23,GRAVITY CLIMBING GYM 03,River City 66 ON,Posted,Debit,141.40
,2025-10-23,MCDONALDS QUICK BITE 07,River City 66 ON,Posted,Debit,23.48
,2025-10-26,JAMES STREET MARKET 04,River City 66 ON,Posted,Debit,13.65
,2025-10-27,PAYMENT FROM CHEQUING 02,Summit City 34 ON,Posted,Credit,-1015.00
,2025-10-28,GRAVITY CLIMBING GYM 03,River City 66 ON,Posted,Debit,43.84
,2025-10-28,MCDONALDS QUICK BITE 06,River City 66 ON,Posted,Debit,24.12
,2025-10-29,JAMES STREET MARKET 04,River City 66 ON,Posted,Debit,2.94
,2025-10-31,COMMUNAUTO SHARE 02,Cedar City 32 QC,Posted,Debit,20.08
,2025-11-01,JAMES STREET MARKET 04,River City 66 ON,Posted,Debit,2.99
,2025-11-02,FAMILY HAIR CUT 01,River City 66 ON,Posted,Debit,37.18
,2025-11-02,MENYA KYU KITCHEN 20,River City 66 ON,Posted,Debit,25.47
,2025-11-02,JAMES STREET MARKET 04,River City 66 ON,Posted,Debit,9.74
,2025-11-02,COCO BUBBLE TEA 09,River City 66 ON,Posted,Debit,9.90
,2025-11-05,PRESTO TRANSIT 05,Cedar City 32 QC,Posted,Debit,881.58
,2025-11-07,TIM HORTONS CAFE 06,River City 66 ON,Posted,Debit,4.27
,2025-11-07,PAYMENT FROM CHEQUING 02,Summit City 34 ON,Posted,Credit,-1816.85
,2025-11-07,PRECISE PARKLINK 03,Metro City 55 ON,Posted,Debit,8.88
,2025-11-08,ROGERS WIRELESS 02,Garden City 78 ON,Posted,Debit,44.74
,2025-11-08,LINKEDIN PREMIUM 08,North City 61 ON,Posted,Debit,36.72
,2025-11-08,UBER EATS DELIVERY 01,Metro City 55 ON,Posted,Debit,18.79
,2025-11-08,JAMES STREET MARKET 04,River City 66 ON,Posted,Debit,16.43
,2025-11-08,PRECISE PARKLINK 02,Metro City 55 ON,Posted,Debit,12.54
,2025-11-09,MENYA KYU KITCHEN 36,Union City 59 ON,Posted,Debit,136.89
,2025-11-09,JAMES STREET MARKET 04,River City 66 ON,Posted,Debit,35.34
,2025-11-10,PETRO-CANADA FUEL 01,River City 66 ON,Posted,Debit,5.53
,2025-11-10,PETRO-CANADA FUEL 01,River City 66 ON,Posted,Debit,22.10
,2025-11-10,PRECISE PARKLINK 03,Metro City 55 ON,Posted,Debit,6.27
,2025-11-10,DOLLARAMA STORE 09,Metro City 55 ON,Posted,Debit,23.50
,2025-11-10,TICKETMASTER EVENTS 02,Metro City 55 ON,Posted,Debit,39.60
,2025-11-10,BOOKING.COM TRAVEL 03,Metro City 73 ON,Posted,Debit,145.69
,2025-11-10,MENYA KYU KITCHEN 05,Metro City 55 ON,Posted,Debit,25.50
,2025-11-10,PETRO-CANADA FUEL 03,Forest City 57 ON,Posted,Debit,20.90
,2025-11-11,COMMUNAUTO SHARE 03,River City 66 ON,Posted,Debit,600.38
,2025-11-11,UBER TRIP 04,Metro City 55 ON,Posted,Debit,13.87
,2025-11-12,TIM HORTONS CAFE 07,Metro City 55 ON,Posted,Debit,6.75
,2025-11-12,MENYA KYU KITCHEN 02,Cedar City 32 QC,Posted,Debit,425.93
,2025-11-12,MENYA KYU KITCHEN 39,River City 66 ON,Posted,Debit,208.86
,2025-11-12,OPENAI SUBSCRIPTION 02,Cedar City 38 CA,Posted,Debit,29.35
,2025-11-12,PRESTO TRANSIT 01,River City 66 ON,Posted,Debit,25.98
,2025-11-12,UBER TRIP 04,Metro City 55 ON,Posted,Debit,13.85
,2025-11-13,UBER TRIP 04,Metro City 55 ON,Posted,Debit,28.27
,2025-11-13,JAMES STREET MARKET 06,Cedar City 74 QC,Posted,Debit,4.74
,2025-11-13,UBER TRIP 04,Metro City 55 ON,Posted,Debit,15.74
,2025-11-13,MENYA KYU KITCHEN 12,Cedar City 74 QC,Posted,Debit,90.17
,2025-11-13,PRESTO TRANSIT 02,Metro City 55 ON,Posted,Debit,21.80
,2025-11-13,UBER TRIP 01,Harbor City 34 BC,Posted,Debit,114.70
,2025-11-13,UBER TRIP 01,Harbor City 34 BC,Posted,Debit,114.70
,2025-11-13,SCOTIA CREDIT CARD PROTECT 02,Crown City 20 ON,Posted,Debit,11.50
,2025-11-13,UBER TRIP 04,Metro City 55 ON,Posted,Debit,19.59
,2025-11-13,MENYA KYU KITCHEN 22,Cedar City 74 QC,Posted,Debit,148.46
,2025-11-13,SCOTIA CREDIT CARD PROTECT 02,Maple City 95 ON,Posted,Debit,0.92
,2025-11-14,SCOTIA CREDIT CARD PROTECT 02,Crown City 20 ON,Posted,Debit,0.46
,2025-11-14,PRESTO TRANSIT 04,Metro City 55 ON,Posted,Debit,25.16
,2025-11-14,BIG SCOOPS DESSERT 09,River City 66 ON,Posted,Debit,17.31
,2025-11-14,UBER TRIP 04,Metro City 55 ON,Posted,Debit,12.24
,2025-11-14,MCDONALDS QUICK BITE 08,Cedar City 32 QC,Posted,Debit,8.98
,2025-11-14,SCOTIA CREDIT CARD PROTECT 02,Maple City 95 ON,Posted,Debit,0.04
,2025-11-15,PRESTO TRANSIT 01,River City 66 ON,Posted,Debit,24.26
,2025-11-16,PRESTO TRANSIT 02,Metro City 55 ON,Posted,Debit,21.80
,2025-11-16,JAMES STREET MARKET 04,River City 66 ON,Posted,Debit,4.61
,2025-11-16,GOOGLE ONE STORAGE 01,Cedar City 86 ON,Posted,Debit,2.96
,2025-11-17,QUEENS LEARNING PORTAL 02,Forest City 63 AZ,Posted,Debit,4.28
,2025-11-17,JAMES STREET MARKET 04,River City 66 ON,Posted,Debit,5.04
,2025-11-17,SPOTIFY SUBSCRIPTION 12,River City 72 ON,Posted,Debit,6.57
,2025-11-17,IMMIGRATION CANADA ONLINE 02,Summit City 34 ON,Posted,Debit,277.95
,2025-11-17,IMMIGRATION CANADA ONLINE 04,Garden City 84 ON,Posted,Debit,6.17
,2025-11-20,JAMES STREET MARKET 04,River City 66 ON,Posted,Debit,8.18
,2025-11-21,JAMES STREET MARKET 04,River City 66 ON,Posted,Debit,9.15
,2025-11-22,AMAZON.CA MARKETPLACE 14,Garden City 84 ON,Posted,Debit,43.80
,2025-11-22,UBER EATS DELIVERY 01,Metro City 55 ON,Posted,Debit,32.94
,2025-11-24,PAYMENT FROM CHEQUING 02,Summit City 34 ON,Posted,Credit,-3029.79
,2025-11-24,PAYMENTUS UTILITIES 02,King City 51 ON,Posted,Debit,517.87
,2025-11-24,PAYMENTUS UTILITIES 01,Union City 29 ON,Posted,Debit,11.11
,2025-11-24,JAMES STREET MARKET 04,River City 66 ON,Posted,Debit,4.35
,2025-11-25,DOLLARAMA STORE 07,River City 30 ON,Posted,Debit,122.43
,2025-11-26,UBER EATS DELIVERY 01,Metro City 55 ON,Posted,Debit,37.27
,2025-11-29,UBER EATS DELIVERY 02,Crown City 38 ON,Posted,Debit,49.22
,2025-12-01,UBER EATS DELIVERY 01,Metro City 55 ON,Posted,Debit,11.98
,2025-12-02,UBER EATS DELIVERY 02,Crown City 38 ON,Posted,Debit,37.84
,2025-12-04,AMAZON.CA MARKETPLACE 15,Garden City 84 ON,Posted,Debit,446.84
,2025-12-04,JAMES STREET MARKET 04,Harbor City 88 ON,Posted,Debit,11.17
,2025-12-05,COMMUNAUTO SHARE 02,Cedar City 32 QC,Posted,Debit,20.08
,2025-12-07,UBER EATS DELIVERY 02,Crown City 38 ON,Posted,Debit,50.53
,2025-12-08,ROGERS WIRELESS 02,Garden City 78 ON,Posted,Debit,44.74
,2025-12-08,LINKEDIN PREMIUM 09,North City 61 ON,Posted,Debit,37.32
,2025-12-09,UBER EATS DELIVERY 01,Metro City 55 ON,Posted,Debit,40.10
,2025-12-11,JAMES STREET MARKET 04,River City 66 ON,Posted,Debit,28.85
,2025-12-12,OPENAI SUBSCRIPTION 02,Cedar City 38 CA,Posted,Debit,29.53
,2025-12-13,SCOTIA CREDIT CARD PROTECT 02,Crown City 20 ON,Posted,Debit,19.25
,2025-12-13,SCOTIA CREDIT CARD PROTECT 02,Maple City 95 ON,Posted,Debit,1.54
,2025-12-16,UBER EATS DELIVERY 01,Metro City 55 ON,Posted,Debit,34.17
,2025-12-16,GOOGLE ONE STORAGE 01,Cedar City 86 ON,Posted,Debit,2.96
,2025-12-17,SPOTIFY SUBSCRIPTION 13,River City 72 ON,Posted,Debit,6.90
,2025-12-18,JAMES STREET MARKET 04,River City 66 ON,Posted,Debit,18.25
,2025-12-20,UBER EATS DELIVERY 01,Metro City 55 ON,Posted,Debit,33.05
,2025-12-20,JAMES STREET MARKET 04,River City 66 ON,Posted,Debit,27.27
,2025-12-25,JAMES STREET MARKET 04,River City 66 ON,Posted,Debit,10.09
,2025-12-26,UBER EATS DELIVERY 01,Metro City 55 ON,Posted,Debit,34.96
,2025-12-26,UBER EATS DELIVERY 01,Metro City 55 ON,Posted,Debit,3.58
,2025-12-26,UBER EATS DELIVERY 01,Metro City 55 ON,Posted,Debit,1.88
,2025-12-29,JAMES STREET MARKET 04,River City 66 ON,Posted,Debit,9.44
,2025-12-30,MENYA KYU KITCHEN 14,River City 66 ON,Posted,Debit,73.32
,2025-12-31,MCDONALDS QUICK BITE 09,River City 66 ON,Posted,Debit,32.55
,2025-12-31,JAMES STREET MARKET 09,River City 66 ON,Posted,Debit,17.49
,2025-12-31,JAMES STREET MARKET 09,River City 66 ON,Posted,Debit,13.68
,2026-01-01,MENYA KYU KITCHEN 17,River City 66 ON,Posted,Debit,61.11
,2026-01-01,COMMUNAUTO SHARE 02,Cedar City 32 QC,Posted,Debit,20.08
,2026-01-01,COCO BUBBLE TEA 03,River City 66 ON,Posted,Debit,18.94
,2026-01-01,JAMES STREET MARKET 04,River City 66 ON,Posted,Debit,14.56
,2026-01-04,TIM HORTONS CAFE 10,River City 66 ON,Posted,Debit,3.12
,2026-01-05,UBER EATS DELIVERY 01,Metro City 55 ON,Posted,Debit,18.66
,2026-01-05,SCOTIA CREDIT CARD PROTECT 04,Union City 11 ON,Posted,Credit,-9.85
,2026-01-06,RELX QLAB 01,River City 66 ON,Posted,Debit,176.07
,2026-01-06,MENYA KYU KITCHEN 26,River City 66 ON,Posted,Debit,96.98
,2026-01-06,FAMILY HAIR CUT 01,River City 66 ON,Posted,Debit,37.18
,2026-01-06,COCO BUBBLE TEA 09,River City 66 ON,Posted,Debit,9.12
,2026-01-07,JAMES STREET MARKET 04,River City 66 ON,Posted,Debit,12.94
,2026-01-07,COCO BUBBLE TEA 08,River City 66 ON,Posted,Debit,11.27
,2026-01-08,COCO BUBBLE TEA 08,River City 66 ON,Posted,Debit,8.60
,2026-01-08,ROGERS WIRELESS 02,Garden City 78 ON,Posted,Debit,44.74
,2026-01-08,LINKEDIN PREMIUM 07,North City 61 ON,Posted,Debit,74.65
,2026-01-08,PAYMENT FROM CHEQUING 02,Summit City 34 ON,Posted,Credit,-2348.24
,2026-01-09,AMAZON.CA MARKETPLACE 19,Maple City 23 ON,Posted,Debit,32.47
,2026-01-10,UBER EATS DELIVERY 01,Metro City 55 ON,Posted,Debit,21.19
,2026-01-10,JAMES STREET MARKET 04,River City 66 ON,Posted,Debit,8.69
,2026-01-10,BIG SCOOPS DESSERT 09,River City 66 ON,Posted,Debit,7.79
,2026-01-11,JAMES STREET MARKET 08,Garden City 72 ON,Posted,Debit,9.37
,2026-01-11,UBER TRIP 04,Metro City 55 ON,Posted,Debit,8.63
,2026-01-11,BIG SCOOPS DESSERT 08,Garden City 72 ON,Posted,Debit,14.91
,2026-01-11,MENYA KYU KITCHEN 38,Garden City 72 ON,Posted,Debit,239.66
,2026-01-11,BIG SCOOPS DESSERT 04,Garden City 72 ON,Posted,Debit,19.26
,2026-01-11,UBER EATS DELIVERY 01,Metro City 55 ON,Posted,Debit,18.85
,2026-01-11,TIM HORTONS CAFE 12,North City 19 ON,Posted,Debit,18.51
,2026-01-12,OPENAI SUBSCRIPTION 02,Cedar City 38 CA,Posted,Debit,29.62
,2026-01-12,UBER EATS DELIVERY 01,Metro City 55 ON,Posted,Debit,30.00
,2026-01-12,UBER TRIP 04,Metro City 55 ON,Posted,Debit,8.92
,2026-01-13,SCOTIA CREDIT CARD PROTECT 01,,Posted,Debit,44.24
,2026-01-13,SCOTIA CREDIT CARD PROTECT 02,Crown City 20 ON,Posted,Debit,18.71
,2026-01-13,SCOTIA CREDIT CARD PROTECT 02,Maple City 95 ON,Posted,Debit,1.50
,2026-01-14,UBER TRIP 05,Metro City 55 ON,Posted,Debit,29.93
,2026-01-16,COCO BUBBLE TEA 12,River City 66 ON,Posted,Debit,15.13
,2026-01-16,GOOGLE ONE STORAGE 01,Cedar City 86 ON,Posted,Debit,2.96
,2026-01-16,JAMES STREET MARKET 04,River City 66 ON,Posted,Debit,21.34
,2026-01-16,LOCAL MERCHANT 02,River City 66 ON,Posted,Debit,39.67
,2026-01-17,IMMIGRATION CANADA ONLINE 01,Forest City 57 ON,Posted,Debit,66.75
,2026-01-17,IMMIGRATION CANADA ONLINE 01,Forest City 57 ON,Posted,Debit,66.75
,2026-01-17,PRESTO TRANSIT 02,Metro City 55 ON,Posted,Debit,21.80
,2026-01-17,UBER EATS DELIVERY 01,Metro City 55 ON,Posted,Debit,15.74
,2026-01-17,SPOTIFY SUBSCRIPTION 14,River City 72 ON,Posted,Debit,7.98
,2026-01-17,JAMES STREET MARKET 04,River City 66 ON,Posted,Debit,6.17
,2026-01-18,DOLLARAMA STORE 13,Summit City 94 ON,Posted,Debit,375.58
,2026-01-18,MCDONALDS QUICK BITE 04,Summit City 94 ON,Posted,Debit,30.78
,2026-01-18,JAMES STREET MARKET 07,Summit City 94 ON,Posted,Debit,19.74
,2026-01-18,MENYA KYU KITCHEN 40,Summit City 94 ON,Posted,Debit,16.11
,2026-01-19,PETRO-CANADA FUEL 02,River City 66 ON,Posted,Debit,5.00
,2026-01-19,DOLLARAMA STORE 05,River City 66 ON,Posted,Debit,5.29
,2026-01-19,BIG SCOOPS DESSERT 07,River City 66 ON,Posted,Debit,6.20
,2026-01-19,PETRO-CANADA FUEL 02,River City 66 ON,Posted,Debit,15.00
,2026-01-19,COCO BUBBLE TEA 02,River City 66 ON,Posted,Debit,18.47
,2026-01-19,TIM HORTONS CAFE 05,River City 66 ON,Posted,Debit,41.00
,2026-01-19,BIG SCOOPS DESSERT 02,River City 66 ON,Posted,Debit,11.42
,2026-01-20,COMMUNAUTO SHARE 03,River City 66 ON,Posted,Debit,258.69
,2026-01-20,MENYA KYU KITCHEN 09,River City 66 ON,Posted,Debit,36.49
,2026-01-20,COCO BUBBLE TEA 06,Union City 59 ON,Posted,Debit,12.44
,2026-01-22,MENYA KYU KITCHEN 09,River City 66 ON,Posted,Debit,23.95
,2026-01-22,JAMES STREET MARKET 04,River City 66 ON,Posted,Debit,3.44
,2026-01-23,UBER EATS DELIVERY 01,Metro City 55 ON,Posted,Debit,15.21
,2026-01-23,JAMES STREET MARKET 04,River City 66 ON,Posted,Debit,10.20
,2026-01-23,JAMES STREET MARKET 04,River City 66 ON,Posted,Debit,6.18
,2026-01-24,UBER EATS DELIVERY 01,Metro City 55 ON,Posted,Debit,53.57
,2026-01-25,JAMES STREET MARKET 04,River City 66 ON,Posted,Debit,11.78
,2026-01-25,COCO BUBBLE TEA 07,River City 66 ON,Posted,Debit,11.59
,2026-01-26,MENYA KYU KITCHEN 24,Summit City 94 ON,Posted,Debit,9.99
,2026-01-26,JAMES STREET MARKET 04,River City 66 ON,Posted,Debit,9.44
,2026-01-26,COCO BUBBLE TEA 13,Summit City 94 ON,Posted,Debit,8.57
,2026-01-26,MENYA KYU KITCHEN 31,Summit City 94 ON,Posted,Debit,10.02
,2026-01-26,PAYMENT FROM CHEQUING 02,Summit City 34 ON,Posted,Credit,-736.07
,2026-01-26,PRESTO TRANSIT 03,Summit City 94 ON,Posted,Debit,17.60
,2026-01-26,MANULIFE TRAVEL INSURANCE 01,Metro City 55 ON,Posted,Debit,359.66
,2026-01-26,MENYA KYU KITCHEN 10,Summit City 94 ON,Posted,Debit,10.91
,2026-01-26,MENYA KYU KITCHEN 32,Summit City 94 ON,Posted,Debit,44.17
,2026-01-27,PRESTO TRANSIT 02,Metro City 55 ON,Posted,Debit,21.80
,2026-01-28,BIG SCOOPS DESSERT 05,River City 66 ON,Posted,Debit,10.34
,2026-01-29,JAMES STREET MARKET 04,River City 66 ON,Posted,Debit,7.26
,2026-01-30,MENYA KYU KITCHEN 25,River City 66 ON,Posted,Debit,70.38
,2026-01-30,BIG SCOOPS DESSERT 09,River City 66 ON,Posted,Debit,6.72
,2026-01-31,MCDONALDS QUICK BITE 10,River City 66 ON,Posted,Debit,32.90
,2026-01-31,UBER EATS DELIVERY 01,Metro City 55 ON,Posted,Debit,21.38
,2026-02-01,JAMES STREET MARKET 02,River City 66 ON,Posted,Debit,15.39
,2026-02-02,DOLLARAMA STORE 04,River City 66 ON,Posted,Debit,2.88
,2026-02-02,SHOPPERS DRUG MART 03,River City 66 ON,Posted,Debit,18.90
,2026-02-02,TIM HORTONS CAFE 08,River City 66 ON,Posted,Debit,3.54
,2026-02-03,COMMUNAUTO SHARE 02,Cedar City 32 QC,Posted,Debit,20.08
,2026-02-03,UBER TRIP 04,Metro City 55 ON,Posted,Debit,8.45
,2026-02-04,MCDONALDS QUICK BITE 05,River City 66 ON,Posted,Debit,29.32
,2026-02-05,UBER TRIP 03,Metro City 19 ON,Posted,Debit,110.11
,2026-02-05,AMAZON.CA MARKETPLACE 12,Maple City 23 ON,Posted,Debit,59.60
,2026-02-05,JAMES STREET MARKET 04,River City 66 ON,Posted,Debit,10.97
,2026-02-06,PAYMENT FROM CHEQUING 02,Summit City 34 ON,Posted,Credit,-507.50
,2026-02-06,PAYMENTUS UTILITIES 02,King City 51 ON,Posted,Debit,339.96
,2026-02-06,JAMES STREET MARKET 03,Summit City 94 ON,Posted,Debit,45.14
,2026-02-06,LOCAL MERCHANT 05,Summit City 94 ON,Posted,Debit,18.87
,2026-02-06,PAYMENTUS UTILITIES 01,Union City 29 ON,Posted,Debit,7.30
,2026-02-06,BIG SCOOPS DESSERT 09,River City 66 ON,Posted,Debit,6.72
,2026-02-08,TIM HORTONS CAFE 10,River City 66 ON,Posted,Debit,3.12
,2026-02-08,MENYA KYU KITCHEN 10,Summit City 94 ON,Posted,Debit,9.92
,2026-02-08,ROGERS WIRELESS 02,Garden City 78 ON,Posted,Debit,44.74
,2026-02-08,COCO BUBBLE TEA 13,Summit City 94 ON,Posted,Debit,8.26
,2026-02-09,COMMUNAUTO SHARE 02,Cedar City 32 QC,Posted,Debit,181.81
,2026-02-09,AMAZON.CA MARKETPLACE 24,North City 67 MN,Posted,Debit,204.30
,2026-02-10,UBER TRIP 05,Metro City 55 ON,Posted,Debit,71.14
,2026-02-10,JAMES STREET MARKET 04,River City 66 ON,Posted,Debit,9.97
,2026-02-10,DOLLARAMA STORE 04,River City 66 ON,Posted,Debit,3.66
,2026-02-11,MENYA KYU KITCHEN 07,River City 66 ON,Posted,Debit,31.72
,2026-02-11,JAMES STREET MARKET 04,River City 66 ON,Posted,Debit,3.63
,2026-02-12,OPENAI SUBSCRIPTION 02,Cedar City 38 CA,Posted,Debit,29.55
,2026-02-12,UBER TRIP 05,Metro City 55 ON,Posted,Debit,29.81
,2026-02-13,SCOTIA CREDIT CARD PROTECT 02,Crown City 20 ON,Posted,Debit,23.14
,2026-02-13,SCOTIA CREDIT CARD PROTECT 02,Maple City 95 ON,Posted,Debit,1.85
,2026-02-14,DOLLARAMA STORE 06,Metro City 55 ON,Posted,Debit,4.08
,2026-02-14,BIG SCOOPS DESSERT 06,Metro City 55 ON,Posted,Debit,39.04
,2026-02-14,MANULIFE TRAVEL INSURANCE 02,Crown City 86 ON,Posted,Debit,337.22
,2026-02-14,PAYMENT FROM CHEQUING 02,Summit City 34 ON,Posted,Credit,-816.06
,2026-02-14,DOLLARAMA STORE 11,Metro City 55 ON,Posted,Debit,72.23
,2026-02-15,DOLLARAMA STORE 03,Metro City 55 ON,Posted,Debit,1117.57
,2026-02-15,UBER EATS DELIVERY 01,Metro City 55 ON,Posted,Debit,44.43
,2026-02-16,COMMUNAUTO SHARE 02,Cedar City 32 QC,Posted,Debit,104.84
,2026-02-16,UBER TRIP 05,Metro City 55 ON,Posted,Debit,22.28
,2026-02-16,GOOGLE ONE STORAGE 01,Cedar City 86 ON,Posted,Debit,2.96
,2026-02-17,SHOPPERS DRUG MART 02,River City 66 ON,Posted,Debit,14.52
,2026-02-17,SPOTIFY SUBSCRIPTION 15,River City 72 ON,Posted,Debit,15.85
,2026-02-17,JAMES STREET MARKET 04,Harbor City 88 ON,Posted,Debit,5.94
,2026-02-18,AMAZON.CA MARKETPLACE 16,Maple City 23 ON,Posted,Debit,53.99
,2026-02-18,COCO BUBBLE TEA 03,River City 66 ON,Posted,Debit,14.20
,2026-02-18,PAYMENT FROM CHEQUING 02,Summit City 34 ON,Posted,Credit,-812.00
,2026-02-18,MENYA KYU KITCHEN 19,River City 66 ON,Posted,Debit,80.04
,2026-02-19,JAMES STREET MARKET 04,River City 66 ON,Posted,Debit,4.08
,2026-02-20,JAMES STREET MARKET 04,River City 66 ON,Posted,Debit,2.22
,2026-02-20,MENYA KYU KITCHEN 04,River City 66 ON,Posted,Debit,190.20
,2026-02-20,MENYA KYU KITCHEN 11,River City 66 ON,Posted,Debit,33.91
,2026-02-21,BIG SCOOPS DESSERT 03,King City 93 ON,Posted,Debit,5.13
,2026-02-21,TIM HORTONS CAFE 13,King City 93 ON,Posted,Debit,7.80
,2026-02-21,TIM HORTONS CAFE 03,King City 93 ON,Posted,Debit,6.96
,2026-02-21,JAMES STREET MARKET 02,River City 66 ON,Posted,Debit,11.44
,2026-02-21,BIG SCOOPS DESSERT 01,King City 93 ON,Posted,Debit,18.98
,2026-02-21,BIG SCOOPS DESSERT 01,King City 93 ON,Posted,Debit,20.97
,2026-02-21,PAYMENT FROM CHEQUING 02,Summit City 34 ON,Posted,Credit,-867.83
,2026-02-21,MENYA KYU KITCHEN 17,River City 66 ON,Posted,Debit,56.14
,2026-02-21,AMAZON.CA MARKETPLACE 18,Maple City 23 ON,Posted,Debit,21.54
,2026-02-21,AMAZON.CA MARKETPLACE 06,Maple City 23 ON,Posted,Credit,-61.39
,2026-02-21,JAMES STREET MARKET 04,River City 66 ON,Posted,Debit,3.08
,2026-02-21,TICKETMASTER EVENTS 05,King City 93 ON,Posted,Debit,204.05
,2026-02-21,AMAZON.CA MARKETPLACE 07,Maple City 23 ON,Posted,Debit,78.80
,2026-02-21,DOLLARAMA STORE 01,King City 93 ON,Posted,Debit,275.12
,2026-02-22,COCO BUBBLE TEA 10,River City 66 ON,Posted,Debit,17.46
,2026-02-22,JAMES STREET MARKET 04,River City 66 ON,Posted,Debit,7.54
,2026-02-23,COMMUNAUTO SHARE 02,Cedar City 32 QC,Posted,Debit,106.35
,2026-02-23,TIM HORTONS CAFE 04,Summit City 94 ON,Posted,Debit,7.91
,2026-02-23,MENYA KYU KITCHEN 41,Summit City 94 ON,Posted,Debit,15.36
,2026-02-24,PRESTO TRANSIT 02,Metro City 55 ON,Posted,Debit,21.80
,2026-02-24,UBER TRIP 04,Metro City 55 ON,Posted,Debit,8.30
,2026-02-24,UBER TRIP 04,Metro City 55 ON,Posted,Debit,0.94
,2026-02-26,PAYMENT FROM CHEQUING 02,Summit City 34 ON,Posted,Credit,-1335.56
,2026-03-02,UBER TRIP 05,Metro City 55 ON,Posted,Debit,17.91
,2026-03-05,COMMUNAUTO SHARE 02,Cedar City 32 QC,Posted,Debit,20.08
,2026-03-06,PAYMENTUS UTILITIES 01,Union City 29 ON,Posted,Debit,3.16
,2026-03-06,PAYMENTUS UTILITIES 02,King City 51 ON,Posted,Debit,147.37
,2026-03-07,UBER EATS DELIVERY 01,Metro City 55 ON,Posted,Debit,20.73
,2026-03-08,PRESTO TRANSIT 02,Metro City 55 ON,Posted,Debit,21.80
,2026-03-10,JAMES STREET MARKET 04,River City 66 ON,Posted,Debit,11.88
,2026-03-10,MENYA KYU KITCHEN 13,Metro City 55 ON,Posted,Debit,66.19
,2026-03-10,ROGERS WIRELESS 02,Garden City 78 ON,Posted,Debit,44.74
,2026-03-10,UBER TRIP 04,Metro City 55 ON,Posted,Debit,17.35
,2026-03-11,PRESTO TRANSIT 02,Metro City 55 ON,Posted,Debit,21.80
,2026-03-11,MCDONALDS QUICK BITE 05,River City 66 ON,Posted,Debit,18.85
,2026-03-11,UBER TRIP 04,Metro City 55 ON,Posted,Debit,11.72
,2026-03-13,TICKETMASTER EVENTS 06,Metro City 55 ON,Posted,Debit,407.16
,2026-03-13,JAMES STREET MARKET 04,River City 66 ON,Posted,Debit,9.63
,2026-03-14,OPENAI SUBSCRIPTION 02,Cedar City 38 CA,Posted,Debit,30.16
,2026-03-14,UBER EATS DELIVERY 01,Metro City 55 ON,Posted,Debit,27.45
,2026-03-14,JAMES STREET MARKET 04,River City 66 ON,Posted,Debit,16.44
,2026-03-15,SCOTIA CREDIT CARD PROTECT 02,Maple City 95 ON,Posted,Debit,2.47
,2026-03-15,PAYMENT FROM CHEQUING 02,Summit City 34 ON,Posted,Credit,-432.10
,2026-03-15,SCOTIA CREDIT CARD PROTECT 02,Crown City 20 ON,Posted,Debit,30.85
,2026-03-16,SCOTIA CREDIT CARD PROTECT 02,Garden City 96 ON,Posted,Credit,-0.01
,2026-03-16,SCOTIA CREDIT CARD PROTECT 02,Harbor City 46 ON,Posted,Credit,-0.12
,2026-03-18,GOOGLE ONE STORAGE 01,Cedar City 86 ON,Posted,Debit,2.96
,2026-03-19,UBER EATS DELIVERY 01,Metro City 55 ON,Posted,Debit,34.54
,2026-03-19,SPOTIFY SUBSCRIPTION 16,River City 72 ON,Posted,Debit,14.77
,2026-03-19,JAMES STREET MARKET 04,River City 66 ON,Posted,Debit,9.44
,2026-03-22,PAYMENT FROM CHEQUING 02,Summit City 34 ON,Posted,Credit,-622.20
,2026-03-22,UBER TRIP 05,Metro City 55 ON,Posted,Debit,43.02
,2026-03-28,JAMES STREET MARKET 04,River City 66 ON,Posted,Debit,9.26
,2026-03-29,UBER EATS DELIVERY 01,Metro City 55 ON,Posted,Debit,37.43
,2026-04-01,TIM HORTONS CAFE 11,Metro City 55 ON,Posted,Debit,24.76
,2026-04-02,COMMUNAUTO SHARE 02,Cedar City 32 QC,Posted,Debit,20.08
,2026-04-03,UBER EATS DELIVERY 01,Metro City 55 ON,Posted,Debit,40.34
,2026-04-05,JAMES STREET MARKET 04,River City 66 ON,Posted,Debit,12.08
,2026-04-06,JAMES STREET MARKET 04,River City 66 ON,Posted,Debit,3.63
,2026-04-07,PAYMENTUS UTILITIES 01,Union City 29 ON,Posted,Debit,2.88
,2026-04-07,PAYMENTUS UTILITIES 02,King City 51 ON,Posted,Debit,134.08
,2026-04-07,JAMES STREET MARKET 04,River City 66 ON,Posted,Debit,4.09
,2026-04-09,JAMES STREET MARKET 04,River City 66 ON,Posted,Debit,6.36
,2026-04-09,FAMILY HAIR CUT 01,River City 66 ON,Posted,Debit,41.36
,2026-04-09,COCO BUBBLE TEA 09,River City 66 ON,Posted,Debit,8.59
,2026-04-10,ROGERS WIRELESS 02,Garden City 78 ON,Posted,Debit,44.74
,2026-04-12,UBER EATS DELIVERY 01,Metro City 55 ON,Posted,Debit,54.39
,2026-04-12,JAMES STREET MARKET 04,River City 66 ON,Posted,Debit,2.90
,2026-04-13,PAYMENT FROM CHEQUING 02,Summit City 34 ON,Posted,Credit,-406.60
,2026-04-14,OPENAI SUBSCRIPTION 02,Cedar City 38 CA,Posted,Debit,30.13
,2026-04-14,UBER EATS DELIVERY 01,Metro City 55 ON,Posted,Debit,11.67
,2026-04-14,DOLLARAMA STORE 08,Maple City 35 ON,Posted,Debit,6.16
,2026-04-15,SCOTIA CREDIT CARD PROTECT 02,Maple City 95 ON,Posted,Debit,2.11
,2026-04-15,UBER TRIP 04,Metro City 55 ON,Posted,Debit,12.40
,2026-04-15,SCOTIA CREDIT CARD PROTECT 01,,Posted,Debit,38.70
,2026-04-15,SCOTIA CREDIT CARD PROTECT 02,Crown City 20 ON,Posted,Debit,26.38
,2026-04-18,GOOGLE ONE STORAGE 01,Cedar City 86 ON,Posted,Debit,2.96
,2026-04-19,SPOTIFY SUBSCRIPTION 17,River City 72 ON,Posted,Debit,12.83
,2026-04-19,JAMES STREET MARKET 04,Harbor City 88 ON,Posted,Debit,9.26
,2026-04-21,PAYMENT FROM CHEQUING 02,Summit City 34 ON,Posted,Credit,-728.59
,2026-04-21,AMAZON.CA MARKETPLACE 09,Maple City 23 ON,Posted,Debit,8.81
,2026-04-22,AMZN MKTP SUBSCRIPTION 02,Maple City 23 ON,Posted,Debit,32.29
,2026-04-22,AMZN MKTP SUBSCRIPTION 01,Maple City 23 ON,Posted,Debit,11.28
,2026-04-23,UBER EATS DELIVERY 01,Metro City 55 ON,Posted,Debit,35.57
,2026-04-26,MCDONALDS QUICK BITE 02,River City 66 ON,Posted,Debit,27.33
,2026-04-26,JAMES STREET MARKET 05,River City 66 ON,Posted,Debit,23.12
,2026-04-26,JAMES STREET MARKET 04,River City 66 ON,Posted,Debit,5.00
,2026-04-27,UBER EATS DELIVERY 01,Metro City 55 ON,Posted,Debit,18.82
,2026-04-30,COMMUNAUTO SHARE 02,Cedar City 32 QC,Posted,Debit,20.08
,2026-04-30,AMAZON.CA MARKETPLACE 23,Forest City 57 ON,Posted,Debit,79.54
,2026-05-01,AMAZON.CA MARKETPLACE 34,Summit City 94 ON,Posted,Debit,251.53
,2026-05-01,MCDONALDS QUICK BITE 06,River City 66 ON,Posted,Debit,22.15
,2026-05-02,AMAZON.CA MARKETPLACE 33,River City 66 ON,Posted,Debit,173.68
,2026-05-02,UBER EATS DELIVERY 01,Metro City 55 ON,Posted,Debit,17.74
,2026-05-02,UBER TRIP 04,Metro City 55 ON,Posted,Debit,11.79
,2026-05-02,JAMES STREET MARKET 01,River City 66 ON,Posted,Debit,3.60
,2026-05-03,UBER TRIP 02,Metro City 55 ON,Posted,Debit,11.23
,2026-05-03,JAMES STREET MARKET 04,Harbor City 88 ON,Posted,Debit,6.36
,2026-05-07,PAYMENTUS UTILITIES 02,King City 51 ON,Posted,Debit,104.27
,2026-05-07,UBER EATS DELIVERY 01,Metro City 55 ON,Posted,Debit,37.20
,2026-05-07,PAYMENTUS UTILITIES 01,Union City 29 ON,Posted,Debit,2.24
,2026-05-08,UBER TRIP 04,Metro City 55 ON,Posted,Debit,10.02
,2026-05-09,TICKETMASTER EVENTS 01,Metro City 55 ON,Posted,Debit,21.44
,2026-05-10,JAMES STREET MARKET 04,River City 66 ON,Posted,Debit,9.26
,2026-05-10,PRESTO TRANSIT 02,Metro City 55 ON,Posted,Debit,21.80
,2026-05-11,ROGERS WIRELESS 02,Garden City 78 ON,Posted,Debit,44.74
,2026-05-14,PAYMENT FROM CHEQUING 02,Summit City 34 ON,Posted,Credit,-529.83
,2026-05-14,OPENAI SUBSCRIPTION 02,Cedar City 38 CA,Posted,Debit,29.57
,2026-05-15,SCOTIA CREDIT CARD PROTECT 01,,Posted,Debit,32.69
,2026-05-15,SCOTIA CREDIT CARD PROTECT 02,Crown City 20 ON,Posted,Debit,23.90
,2026-05-15,SCOTIA CREDIT CARD PROTECT 02,Maple City 95 ON,Posted,Debit,1.91
,2026-05-18,JAMES STREET MARKET 04,River City 66 ON,Posted,Debit,15.42
,2026-05-18,GOOGLE ONE STORAGE 01,Cedar City 86 ON,Posted,Debit,2.96
,2026-05-19,UBER EATS DELIVERY 01,Metro City 55 ON,Posted,Debit,24.87
,2026-05-19,SPOTIFY SUBSCRIPTION 18,River City 72 ON,Posted,Debit,14.12
,2026-05-21,UBER EATS DELIVERY 01,Metro City 55 ON,Posted,Debit,15.71
,2026-05-21,JAMES STREET MARKET 04,River City 66 ON,Posted,Debit,5.62
,2026-05-24,UBER EATS DELIVERY 01,Metro City 55 ON,Posted,Debit,38.58
,2026-05-24,COCA COLA VENDING 02,North City 49 ON,Posted,Debit,5.25
,2026-05-25,PRESTO TRANSIT 02,Metro City 55 ON,Posted,Debit,21.80
,2026-05-26,PRESTO TRANSIT 02,Metro City 55 ON,Posted,Debit,21.80
,2026-05-27,UBER EATS DELIVERY 01,Metro City 55 ON,Posted,Debit,24.44
,2026-05-28,UBER TRIP 04,Metro City 55 ON,Posted,Debit,16.37
,2026-05-28,UBER TRIP 04,Metro City 55 ON,Posted,Debit,0.94
,2026-05-28,TIM HORTONS CAFE 01,Metro City 55 ON,Posted,Debit,28.25
,2026-05-28,SHOPPERS DRUG MART 04,Metro City 55 ON,Posted,Debit,6.38
,2026-05-29,MENYA KYU KITCHEN 21,River City 66 ON,Posted,Debit,45.15
,2026-05-29,JAMES STREET MARKET 04,River City 66 ON,Posted,Debit,34.89
,2026-05-29,PRESTO TRANSIT 02,Metro City 55 ON,Posted,Debit,21.80
,2026-05-29,UBER TRIP 02,Metro City 55 ON,Posted,Debit,12.29
,2026-05-31,AMAZON.CA MARKETPLACE 08,Maple City 23 ON,Posted,Debit,40.84
,2026-05-31,UBER EATS DELIVERY 01,Metro City 55 ON,Posted,Debit,20.14
,2026-06-01,JAMES STREET MARKET 04,River City 66 ON,Posted,Debit,7.27
,2026-06-02,APPLE.COM/BILL GAMING 04,Union City 41 CA,Posted,Debit,328.94
,2026-06-03,PAYMENT FROM CHEQUING 02,Summit City 34 ON,Posted,Credit,-867.40
,2026-06-03,COMMUNAUTO SHARE 02,Cedar City 32 QC,Posted,Debit,20.08
,2026-06-05,PAYMENTUS UTILITIES 01,Union City 29 ON,Posted,Debit,2.38
,2026-06-05,LCBO BOTTLE SHOP 01,River City 66 ON,Posted,Debit,13.60
,2026-06-05,MENYA KYU KITCHEN 19,River City 66 ON,Posted,Debit,44.47
,2026-06-05,PAYMENTUS UTILITIES 02,King City 51 ON,Posted,Debit,110.79
,2026-06-07,UBER EATS DELIVERY 01,Metro City 55 ON,Posted,Debit,20.02
,2026-06-09,MENYA KYU KITCHEN 17,River City 66 ON,Posted,Debit,28.52
,2026-06-09,JAMES STREET MARKET 04,River City 66 ON,Posted,Debit,6.36
,2026-06-10,ROGERS WIRELESS 02,Garden City 78 ON,Posted,Debit,48.85
,2026-06-13,UBER EATS DELIVERY 01,Metro City 55 ON,Posted,Debit,18.86
,2026-06-14,OPENAI SUBSCRIPTION 02,Cedar City 38 CA,Posted,Debit,29.86
,2026-06-15,SCOTIA CREDIT CARD PROTECT 01,,Posted,Debit,41.93
,2026-06-15,SCOTIA CREDIT CARD PROTECT 02,Crown City 20 ON,Posted,Debit,27.12
,2026-06-15,SCOTIA CREDIT CARD PROTECT 02,Maple City 95 ON,Posted,Debit,2.17
,2026-06-16,AMAZON.CA MARKETPLACE 22,Harbor City 22 BC,Posted,Debit,236.16
,2026-06-17,COCO BUBBLE TEA 07,River City 66 ON,Posted,Debit,10.31
,2026-06-17,DOLLARAMA STORE 10,River City 66 ON,Posted,Debit,121.47
,2026-06-18,GOOGLE ONE STORAGE 01,Cedar City 86 ON,Posted,Debit,2.96
,2026-06-19,SPOTIFY SUBSCRIPTION 19,River City 72 ON,Posted,Debit,14.77
,2026-06-23,TIM HORTONS CAFE 02,River City 66 ON,Posted,Debit,8.38
,2026-06-24,UBER TRIP 05,Metro City 55 ON,Posted,Debit,43.64
,2026-06-26,UBER EATS DELIVERY 01,Metro City 55 ON,Posted,Debit,18.86
,2026-06-28,SPOTIFY SUBSCRIPTION 01,Union City 95 ON,Posted,Debit,49.56
,2026-06-29,UBER EATS DELIVERY 01,Metro City 55 ON,Posted,Debit,49.30
,2026-07-01,MENYA KYU KITCHEN 29,Crown City 32 ON,Posted,Debit,54.15
,2026-07-01,COCO BUBBLE TEA 06,Union City 59 ON,Posted,Debit,6.58
,2026-07-03,PAYMENT FROM CHEQUING 02,Summit City 34 ON,Posted,Credit,-1050.53
,2026-07-03,JAMES STREET MARKET 04,River City 66 ON,Posted,Debit,9.45
,2026-07-05,COCO BUBBLE TEA 09,River City 66 ON,Posted,Debit,18.87
,2026-07-05,FAMILY HAIR CUT 01,River City 66 ON,Posted,Debit,41.36
,2026-07-06,UBER EATS DELIVERY 01,Metro City 55 ON,Posted,Debit,46.33
,2026-07-06,PAYMENTUS UTILITIES 02,King City 51 ON,Posted,Debit,114.76
,2026-07-06,PAYMENTUS UTILITIES 01,Union City 29 ON,Posted,Debit,2.46
,2026-07-06,UBER EATS DELIVERY 01,Metro City 55 ON,Posted,Debit,20.12
,2026-07-07,DOLLARAMA STORE 04,River City 66 ON,Posted,Debit,1.30
,2026-07-08,TIM HORTONS CAFE 08,Harbor City 88 ON,Posted,Debit,4.50
,2026-07-09,UBER EATS DELIVERY 01,Metro City 55 ON,Posted,Debit,18.92
,2026-07-09,BOOKING.COM TRAVEL 01,Harbor City 28 ON,Posted,Debit,807.95
,2026-07-10,MENYA KYU KITCHEN 21,River City 66 ON,Posted,Debit,47.57
,2026-07-10,COCO BUBBLE TEA 07,River City 66 ON,Posted,Debit,19.08
,2026-07-10,PAYMENT FROM CHEQUING 02,Summit City 34 ON,Posted,Credit,-878.99
,2026-07-11,QUEENS LEARNING PORTAL 05,Crown City 14 MN,Posted,Debit,221.17
,2026-07-11,ROGERS WIRELESS 02,Garden City 78 ON,Posted,Debit,48.85
,2026-07-11,PETRO-CANADA FUEL 05,North City 19 ON,Posted,Debit,27.30
,2026-07-11,PRECISE PARKLINK 01,Metro City 55 ON,Posted,Debit,6.89
,2026-07-12,COCA COLA VENDING 01,Cedar City 50 ON,Posted,Debit,5.32
,2026-07-12,COCA COLA VENDING 01,Cedar City 50 ON,Posted,Debit,5.32
,2026-07-13,COCO BUBBLE TEA 01,Union City 59 ON,Posted,Debit,19.25
,2026-07-13,BOOKING.COM TRAVEL 04,Harbor City 28 ON,Posted,Debit,34.55
,2026-07-15,OPENAI SUBSCRIPTION 02,Cedar City 38 CA,Posted,Debit,29.34
,2026-07-15,COMMUNAUTO SHARE 03,River City 66 ON,Posted,Debit,480.43
,2026-07-16,SCOTIA CREDIT CARD PROTECT 01,,Posted,Debit,43.25
,2026-07-16,SCOTIA CREDIT CARD PROTECT 02,Crown City 20 ON,Posted,Debit,32.02
,2026-07-16,SCOTIA CREDIT CARD PROTECT 02,Maple City 95 ON,Posted,Debit,2.56
,2026-07-16,DOLLARAMA STORE 04,River City 66 ON,Posted,Debit,6.80
,2026-07-16,JAMES STREET MARKET 04,River City 66 ON,Posted,Debit,2.72
,2026-07-17,QUEENS LEARNING PORTAL 03,King City 63 ON,Posted,Debit,16.38
,2026-07-19,GOOGLE ONE STORAGE 01,Cedar City 86 ON,Posted,Debit,2.96
,2026-07-20,UBER EATS DELIVERY 01,Metro City 55 ON,Posted,Debit,31.69
,2026-07-20,SPOTIFY SUBSCRIPTION 20,River City 72 ON,Posted,Debit,13.69
,2026-07-21,QUEENS LEARNING PORTAL 02,Forest City 63 AZ,Posted,Debit,4.27
,2026-07-25,PAYMENT FROM CHEQUING 02,Summit City 34 ON,Posted,Credit,-1253.22
,2026-07-25,UBER EATS DELIVERY 01,Metro City 55 ON,Posted,Debit,47.32
,2026-07-28,MENYA KYU KITCHEN 03,River City 66 ON,Posted,Debit,42.72
,2026-07-30,MCDONALDS QUICK BITE 05,River City 66 ON,Posted,Debit,29.33
,2026-07-31,PAYMENT FROM CHEQUING 02,Summit City 34 ON,Posted,Credit,-2127.23
,2026-07-31,UBER EATS DELIVERY 01,Metro City 55 ON,Posted,Debit,19.72
,2026-07-31,MENYA KYU KITCHEN 17,River City 66 ON,Posted,Debit,29.21
,2026-08-01,LINKEDIN PREMIUM 05,North City 61 ON,Posted,Debit,41.56
,2026-08-04,TIM HORTONS CAFE 08,River City 66 ON,Posted,Debit,6.55
,2026-08-07,PAYMENTUS UTILITIES 01,Union City 29 ON,Posted,Debit,10.94
,2026-08-07,PAYMENTUS UTILITIES 02,King City 51 ON,Posted,Debit,509.83
,2026-08-08,ROGERS WIRELESS 02,Garden City 78 ON,Posted,Debit,48.85
,2026-08-08,UBER EATS DELIVERY 01,Metro City 55 ON,Posted,Debit,20.04
,2026-08-09,MCDONALDS QUICK BITE 03,River City 66 ON,Posted,Debit,21.64
,2026-08-11,MCDONALDS QUICK BITE 05,Harbor City 88 ON,Posted,Debit,18.47
,2026-08-12,OPENAI SUBSCRIPTION 02,Cedar City 38 CA,Posted,Debit,29.42
,2026-08-13,COCO BUBBLE TEA 06,Union City 59 ON,Posted,Debit,13.76
,2026-08-13,SCOTIA CREDIT CARD PROTECT 02,Maple City 95 ON,Posted,Debit,1.36
,2026-08-13,SCOTIA CREDIT CARD PROTECT 01,,Posted,Debit,4.55
,2026-08-13,SCOTIA CREDIT CARD PROTECT 02,Crown City 20 ON,Posted,Debit,17.05
,2026-08-14,UBER TRIP 05,Metro City 55 ON,Posted,Debit,24.61
,2026-08-15,AMAZON.CA MARKETPLACE 10,Maple City 23 ON,Posted,Debit,32.19
,2026-08-16,GOOGLE ONE STORAGE 01,Cedar City 86 ON,Posted,Debit,2.96
,2026-08-16,MENYA KYU KITCHEN 17,River City 66 ON,Posted,Debit,38.03
,2026-08-16,COCO BUBBLE TEA 10,River City 66 ON,Posted,Debit,20.74
,2026-08-17,SPOTIFY SUBSCRIPTION 21,River City 72 ON,Posted,Debit,15.42
,2026-08-19,APPLE.COM/BILL GAMING 01,Harbor City 88 ON,Posted,Debit,1.57
,2026-08-21,UBER EATS DELIVERY 01,Metro City 55 ON,Posted,Debit,20.85
,2026-08-22,UBER EATS DELIVERY 01,Metro City 55 ON,Posted,Debit,44.81
,2026-08-22,UBER TRIP 04,Metro City 55 ON,Posted,Debit,9.61
,2026-08-22,UBER TRIP 04,Metro City 55 ON,Posted,Debit,10.93
,2026-08-24,MENYA KYU KITCHEN 01,Harbor City 88 ON,Posted,Debit,11.47
,2026-08-26,UBER EATS DELIVERY 01,Metro City 55 ON,Posted,Debit,22.78
,2026-08-26,UBER EATS DELIVERY 01,Metro City 55 ON,Posted,Debit,22.33
,2026-08-28,UBER EATS DELIVERY 01,Metro City 55 ON,Posted,Debit,25.34
,2026-08-28,JAMES STREET MARKET 04,River City 66 ON,Posted,Debit,13.60
,2026-09-01,LINKEDIN PREMIUM 01,North City 61 ON,Posted,Debit,42.77
,2026-09-02,UBER TRIP 04,Metro City 55 ON,Posted,Debit,13.58
,2026-09-02,UBER TRIP 04,Metro City 55 ON,Posted,Debit,112.92
,2026-09-02,MENYA KYU KITCHEN 40,Summit City 94 ON,Posted,Debit,36.83
,2026-09-02,MENYA KYU KITCHEN 30,Summit City 94 ON,Posted,Debit,68.62
,2026-09-02,GRAVITY CLIMBING GYM 01,Summit City 94 ON,Posted,Debit,5.90
,2026-09-02,GRAVITY CLIMBING GYM 01,Summit City 94 ON,Posted,Debit,5.90
,2026-09-02,GRAVITY CLIMBING GYM 01,Summit City 94 ON,Posted,Debit,2.36
,2026-09-02,GRAVITY CLIMBING GYM 01,Summit City 94 ON,Posted,Debit,2.36
,2026-09-03,SCOTIA CREDIT CARD PROTECT 04,Union City 11 ON,Posted,Credit,-14.08
,2026-09-03,UBER TRIP 04,Metro City 55 ON,Posted,Debit,11.34
,2026-09-04,OPENAI SUBSCRIPTION 01,Cedar City 50 ON,Posted,Debit,335.38
